dataset,model,pooling,n_shots,seed,k,accuracy,macro_f1
cifar10,dino_vits16,cls,1,0,1,0.5938000082969666,0.5796368229249019
cifar10,dino_vits16,cls,1,0,5,0.5938000082969666,0.5796368229249019
cifar10,dino_vits16,cls,1,0,20,0.5938000082969666,0.5796368229249019
cifar10,dino_vits16,cls,1,1,1,0.520799994468689,0.5273761934668265
cifar10,dino_vits16,cls,1,1,5,0.520799994468689,0.5273761934668265
cifar10,dino_vits16,cls,1,1,20,0.520799994468689,0.5273761934668265
cifar10,dino_vits16,cls,1,2,1,0.48249998688697815,0.43879927182420486
cifar10,dino_vits16,cls,1,2,5,0.48249998688697815,0.43879927182420486
cifar10,dino_vits16,cls,1,2,20,0.48249998688697815,0.43879927182420486
cifar10,dino_vits16,cls,2,0,1,0.6608999967575073,0.6557069777653604
cifar10,dino_vits16,cls,2,0,5,0.6740999817848206,0.6679766421119057
cifar10,dino_vits16,cls,2,0,20,0.6754999756813049,0.6695013602035298
cifar10,dino_vits16,cls,2,1,1,0.6036999821662903,0.6057726521298977
cifar10,dino_vits16,cls,2,1,5,0.6247000098228455,0.6257686613677442
cifar10,dino_vits16,cls,2,1,20,0.6225000023841858,0.6239099290975904
cifar10,dino_vits16,cls,2,2,1,0.6169000267982483,0.6122869407235894
cifar10,dino_vits16,cls,2,2,5,0.6238999962806702,0.619239934356444
cifar10,dino_vits16,cls,2,2,20,0.6283000111579895,0.6248788467158399
cifar10,dino_vits16,cls,5,0,1,0.7519999742507935,0.7518510230710609
cifar10,dino_vits16,cls,5,0,5,0.7804999947547913,0.7792561710144058
cifar10,dino_vits16,cls,5,0,20,0.7921000123023987,0.7898842848471611
cifar10,dino_vits16,cls,5,1,1,0.7117000222206116,0.7111532338020162
cifar10,dino_vits16,cls,5,1,5,0.7405999898910522,0.7383140967795442
cifar10,dino_vits16,cls,5,1,20,0.7527999877929688,0.749969016754782
cifar10,dino_vits16,cls,5,2,1,0.7251999974250793,0.7219004141624381
cifar10,dino_vits16,cls,5,2,5,0.7662000060081482,0.7628059001815802
cifar10,dino_vits16,cls,5,2,20,0.771399974822998,0.7681015392691105
cifar10,dino_vits16,cls,10,0,1,0.7766000032424927,0.77573918875694
cifar10,dino_vits16,cls,10,0,5,0.8105999827384949,0.8089967067839707
cifar10,dino_vits16,cls,10,0,20,0.830299973487854,0.8279412788181354
cifar10,dino_vits16,cls,10,1,1,0.7526999711990356,0.7520310968989148
cifar10,dino_vits16,cls,10,1,5,0.7868000268936157,0.7852750882664306
cifar10,dino_vits16,cls,10,1,20,0.8069999814033508,0.8052367855232812
cifar10,dino_vits16,cls,10,2,1,0.7645999789237976,0.7633302393058787
cifar10,dino_vits16,cls,10,2,5,0.805400013923645,0.8036858367520834
cifar10,dino_vits16,cls,10,2,20,0.8137999773025513,0.8122187554902774
cifar10,dino_vits16,cls,20,0,1,0.8004999756813049,0.7989073615776977
cifar10,dino_vits16,cls,20,0,5,0.8291000127792358,0.8273721662751077
cifar10,dino_vits16,cls,20,0,20,0.8485000133514404,0.8463569611865458
cifar10,dino_vits16,cls,20,1,1,0.7825999855995178,0.7810645973348469
cifar10,dino_vits16,cls,20,1,5,0.8190000057220459,0.816731572841271
cifar10,dino_vits16,cls,20,1,20,0.8416000008583069,0.839202042975265
cifar10,dino_vits16,cls,20,2,1,0.802299976348877,0.800441709955787
cifar10,dino_vits16,cls,20,2,5,0.8353999853134155,0.8334538563763447
cifar10,dino_vits16,cls,20,2,20,0.8500000238418579,0.847913800963792
cifar10,dino_vits16,cls,50,0,1,0.8328999876976013,0.8317910236064255
cifar10,dino_vits16,cls,50,0,5,0.864300012588501,0.8631647619481363
cifar10,dino_vits16,cls,50,0,20,0.8725000023841858,0.8711770956152497
cifar10,dino_vits16,cls,50,1,1,0.8241999745368958,0.8226709310670459
cifar10,dino_vits16,cls,50,1,5,0.8592000007629395,0.8573530722855679
cifar10,dino_vits16,cls,50,1,20,0.8684999942779541,0.8662107790812321
cifar10,dino_vits16,cls,50,2,1,0.8295999765396118,0.8273832348199195
cifar10,dino_vits16,cls,50,2,5,0.8614000082015991,0.8590861357126538
cifar10,dino_vits16,cls,50,2,20,0.8723999857902527,0.8702209976850437
cifar10,dino_vits16,cls,100,0,1,0.8582000136375427,0.8573302178546905
cifar10,dino_vits16,cls,100,0,5,0.8855000138282776,0.8847313706235453
cifar10,dino_vits16,cls,100,0,20,0.8921999931335449,0.8913183465390684
cifar10,dino_vits16,cls,100,1,1,0.847100019454956,0.8461379501236227
cifar10,dino_vits16,cls,100,1,5,0.8783000111579895,0.8770049476662038
cifar10,dino_vits16,cls,100,1,20,0.8848999738693237,0.8836025755382375
cifar10,dino_vits16,cls,100,2,1,0.859000027179718,0.8576167749621668
cifar10,dino_vits16,cls,100,2,5,0.8884000182151794,0.886887265711691
cifar10,dino_vits16,cls,100,2,20,0.8944000005722046,0.8930450909799144
cifar10,dino_vits16,mean_pool,1,0,1,0.38679999113082886,0.3744969232186622
cifar10,dino_vits16,mean_pool,1,0,5,0.38679999113082886,0.3744969232186622
cifar10,dino_vits16,mean_pool,1,0,20,0.38679999113082886,0.3744969232186622
cifar10,dino_vits16,mean_pool,1,1,1,0.301800012588501,0.28885424506308083
cifar10,dino_vits16,mean_pool,1,1,5,0.301800012588501,0.28885424506308083
cifar10,dino_vits16,mean_pool,1,1,20,0.301800012588501,0.28885424506308083
cifar10,dino_vits16,mean_pool,1,2,1,0.2962999939918518,0.2594592920837467
cifar10,dino_vits16,mean_pool,1,2,5,0.2962999939918518,0.2594592920837467
cifar10,dino_vits16,mean_pool,1,2,20,0.2962999939918518,0.2594592920837467
cifar10,dino_vits16,mean_pool,2,0,1,0.39480000734329224,0.3791113072024849
cifar10,dino_vits16,mean_pool,2,0,5,0.4068000018596649,0.3872967220581764
cifar10,dino_vits16,mean_pool,2,0,20,0.41370001435279846,0.39426538866023353
cifar10,dino_vits16,mean_pool,2,1,1,0.3817000091075897,0.3706487150670331
cifar10,dino_vits16,mean_pool,2,1,5,0.4000999927520752,0.38621439168014826
cifar10,dino_vits16,mean_pool,2,1,20,0.4178999960422516,0.4053346094954816
cifar10,dino_vits16,mean_pool,2,2,1,0.3898000121116638,0.3716987150438357
cifar10,dino_vits16,mean_pool,2,2,5,0.37630000710487366,0.35659200165811195
cifar10,dino_vits16,mean_pool,2,2,20,0.39750000834465027,0.37694042549217344
cifar10,dino_vits16,mean_pool,5,0,1,0.4440999925136566,0.4326249879563825
cifar10,dino_vits16,mean_pool,5,0,5,0.4499000012874603,0.4362966185925588
cifar10,dino_vits16,mean_pool,5,0,20,0.45019999146461487,0.42909444628296695
cifar10,dino_vits16,mean_pool,5,1,1,0.4357999861240387,0.4288906855541647
cifar10,dino_vits16,mean_pool,5,1,5,0.4641999900341034,0.4467678521665964
cifar10,dino_vits16,mean_pool,5,1,20,0.4821000099182129,0.4597915691539652
cifar10,dino_vits16,mean_pool,5,2,1,0.4499000012874603,0.4371971664682774
cifar10,dino_vits16,mean_pool,5,2,5,0.4837999939918518,0.4715965239040851
cifar10,dino_vits16,mean_pool,5,2,20,0.5123000144958496,0.4882658657077429
cifar10,dino_vits16,mean_pool,10,0,1,0.486299991607666,0.4758049382738106
cifar10,dino_vits16,mean_pool,10,0,5,0.5005999803543091,0.48559414611605833
cifar10,dino_vits16,mean_pool,10,0,20,0.49729999899864197,0.47019123336642465
cifar10,dino_vits16,mean_pool,10,1,1,0.47929999232292175,0.4715142944614227
cifar10,dino_vits16,mean_pool,10,1,5,0.5188000202178955,0.5060534452889541
cifar10,dino_vits16,mean_pool,10,1,20,0.5081999897956848,0.4887218773866432
cifar10,dino_vits16,mean_pool,10,2,1,0.4812000095844269,0.4693511092731182
cifar10,dino_vits16,mean_pool,10,2,5,0.5235999822616577,0.5079512595081119
cifar10,dino_vits16,mean_pool,10,2,20,0.5289000272750854,0.5039352329002807
cifar10,dino_vits16,mean_pool,20,0,1,0.5299000144004822,0.520406465329463
cifar10,dino_vits16,mean_pool,20,0,5,0.558899998664856,0.5463528579631164
cifar10,dino_vits16,mean_pool,20,0,20,0.5609999895095825,0.53722397117991
cifar10,dino_vits16,mean_pool,20,1,1,0.5080999732017517,0.5024676553178349
cifar10,dino_vits16,mean_pool,20,1,5,0.5418000221252441,0.5301660144225705
cifar10,dino_vits16,mean_pool,20,1,20,0.5368000268936157,0.5208325785075136
cifar10,dino_vits16,mean_pool,20,2,1,0.5105999708175659,0.49785495892338777
cifar10,dino_vits16,mean_pool,20,2,5,0.5498999953269958,0.5355583994025148
cifar10,dino_vits16,mean_pool,20,2,20,0.5472999811172485,0.5290711216618489
cifar10,dino_vits16,mean_pool,50,0,1,0.5782999992370605,0.5710205357737388
cifar10,dino_vits16,mean_pool,50,0,5,0.612500011920929,0.6031795193551286
cifar10,dino_vits16,mean_pool,50,0,20,0.6147000193595886,0.6007663644603021
cifar10,dino_vits16,mean_pool,50,1,1,0.578000009059906,0.570713407506212
cifar10,dino_vits16,mean_pool,50,1,5,0.6033999919891357,0.5916188176053856
cifar10,dino_vits16,mean_pool,50,1,20,0.5893999934196472,0.5733954617285864
cifar10,dino_vits16,mean_pool,50,2,1,0.5511000156402588,0.5436290249074965
cifar10,dino_vits16,mean_pool,50,2,5,0.5995000004768372,0.5873923237345791
cifar10,dino_vits16,mean_pool,50,2,20,0.6086000204086304,0.5902979191566701
cifar10,dino_vits16,mean_pool,100,0,1,0.6136999726295471,0.6076548244069746
cifar10,dino_vits16,mean_pool,100,0,5,0.6485000252723694,0.6414974950897594
cifar10,dino_vits16,mean_pool,100,0,20,0.6492000222206116,0.640085500907954
cifar10,dino_vits16,mean_pool,100,1,1,0.6134999990463257,0.6075170535490011
cifar10,dino_vits16,mean_pool,100,1,5,0.641700029373169,0.6331390263366936
cifar10,dino_vits16,mean_pool,100,1,20,0.6291000247001648,0.615531026042291
cifar10,dino_vits16,mean_pool,100,2,1,0.6014000177383423,0.5940894081061912
cifar10,dino_vits16,mean_pool,100,2,5,0.6419000029563904,0.6319428792033233
cifar10,dino_vits16,mean_pool,100,2,20,0.6420999765396118,0.6263262624157806
cifar10,dinov2_vits14,cls,1,0,1,0.7350999712944031,0.7291561489700549
cifar10,dinov2_vits14,cls,1,0,5,0.7350999712944031,0.7291561489700549
cifar10,dinov2_vits14,cls,1,0,20,0.7350999712944031,0.7291561489700549
cifar10,dinov2_vits14,cls,1,1,1,0.6690000295639038,0.6641870126334758
cifar10,dinov2_vits14,cls,1,1,5,0.6690000295639038,0.6641870126334758
cifar10,dinov2_vits14,cls,1,1,20,0.6690000295639038,0.6641870126334758
cifar10,dinov2_vits14,cls,1,2,1,0.5756999850273132,0.5336545588958519
cifar10,dinov2_vits14,cls,1,2,5,0.5756999850273132,0.5336545588958519
cifar10,dinov2_vits14,cls,1,2,20,0.5756999850273132,0.5336545588958519
cifar10,dinov2_vits14,cls,2,0,1,0.7843000292778015,0.7804369871056098
cifar10,dinov2_vits14,cls,2,0,5,0.7978000044822693,0.7926652573984778
cifar10,dinov2_vits14,cls,2,0,20,0.7978000044822693,0.7925122379763565
cifar10,dinov2_vits14,cls,2,1,1,0.7804999947547913,0.7795549530137953
cifar10,dinov2_vits14,cls,2,1,5,0.7991999983787537,0.7969849431526306
cifar10,dinov2_vits14,cls,2,1,20,0.7967000007629395,0.7945986370838163
cifar10,dinov2_vits14,cls,2,2,1,0.7565000057220459,0.7497551369631219
cifar10,dinov2_vits14,cls,2,2,5,0.7687000036239624,0.7632534514201038
cifar10,dinov2_vits14,cls,2,2,20,0.7694000005722046,0.7640373186215368
cifar10,dinov2_vits14,cls,5,0,1,0.8521000146865845,0.8518934987286544
cifar10,dinov2_vits14,cls,5,0,5,0.8701000213623047,0.8693423393879908
cifar10,dinov2_vits14,cls,5,0,20,0.8722000122070312,0.8712574256315705
cifar10,dinov2_vits14,cls,5,1,1,0.864799976348877,0.8648104659414966
cifar10,dinov2_vits14,cls,5,1,5,0.8805999755859375,0.8802733769375726
cifar10,dinov2_vits14,cls,5,1,20,0.8830999732017517,0.8826787546667665
cifar10,dinov2_vits14,cls,5,2,1,0.835099995136261,0.8333506931446252
cifar10,dinov2_vits14,cls,5,2,5,0.858299970626831,0.856472309537294
cifar10,dinov2_vits14,cls,5,2,20,0.8607000112533569,0.8589502617281827
cifar10,dinov2_vits14,cls,10,0,1,0.8720999956130981,0.8717454854774038
cifar10,dinov2_vits14,cls,10,0,5,0.895799994468689,0.8953253041067656
cifar10,dinov2_vits14,cls,10,0,20,0.9043999910354614,0.9037430464079698
cifar10,dinov2_vits14,cls,10,1,1,0.8849999904632568,0.8846908271672598
cifar10,dinov2_vits14,cls,10,1,5,0.8998000025749207,0.8992823967973301
cifar10,dinov2_vits14,cls,10,1,20,0.906000018119812,0.9053863127764622
cifar10,dinov2_vits14,cls,10,2,1,0.8723999857902527,0.8714571900784971
cifar10,dinov2_vits14,cls,10,2,5,0.8912000060081482,0.8902536506130913
cifar10,dinov2_vits14,cls,10,2,20,0.8995000123977661,0.8985409541864376
cifar10,dinov2_vits14,cls,20,0,1,0.8967999815940857,0.8968557729965296
cifar10,dinov2_vits14,cls,20,0,5,0.9179999828338623,0.9179390512554949
cifar10,dinov2_vits14,cls,20,0,20,0.9239000082015991,0.9236488252307362
cifar10,dinov2_vits14,cls,20,1,1,0.8970999717712402,0.896671972946605
cifar10,dinov2_vits14,cls,20,1,5,0.9140999913215637,0.9135525711920487
cifar10,dinov2_vits14,cls,20,1,20,0.920199990272522,0.9194529119555792
cifar10,dinov2_vits14,cls,20,2,1,0.9027000069618225,0.9023566868333374
cifar10,dinov2_vits14,cls,20,2,5,0.9229999780654907,0.9227063607889786
cifar10,dinov2_vits14,cls,20,2,20,0.9286999702453613,0.9283307171833682
cifar10,dinov2_vits14,cls,50,0,1,0.9190999865531921,0.9191869026160191
cifar10,dinov2_vits14,cls,50,0,5,0.9354000091552734,0.935391730147718
cifar10,dinov2_vits14,cls,50,0,20,0.9424999952316284,0.9424083307637998
cifar10,dinov2_vits14,cls,50,1,1,0.9182000160217285,0.9179438615892288
cifar10,dinov2_vits14,cls,50,1,5,0.9330999851226807,0.9327427514622533
cifar10,dinov2_vits14,cls,50,1,20,0.9350000023841858,0.9345077718684477
cifar10,dinov2_vits14,cls,50,2,1,0.9172000288963318,0.9170994435961266
cifar10,dinov2_vits14,cls,50,2,5,0.9332000017166138,0.9330432557760329
cifar10,dinov2_vits14,cls,50,2,20,0.9387000203132629,0.9384360899737707
cifar10,dinov2_vits14,cls,100,0,1,0.9296000003814697,0.929627816917141
cifar10,dinov2_vits14,cls,100,0,5,0.9462000131607056,0.9461767300976863
cifar10,dinov2_vits14,cls,100,0,20,0.9503999948501587,0.9503675160633123
cifar10,dinov2_vits14,cls,100,1,1,0.9316999912261963,0.9315075958357004
cifar10,dinov2_vits14,cls,100,1,5,0.9449999928474426,0.944887095847956
cifar10,dinov2_vits14,cls,100,1,20,0.9484000205993652,0.9482650554502416
cifar10,dinov2_vits14,cls,100,2,1,0.9329000115394592,0.9329193172084936
cifar10,dinov2_vits14,cls,100,2,5,0.9495000243186951,0.9494528968659266
cifar10,dinov2_vits14,cls,100,2,20,0.9542999863624573,0.9542394658385746
cifar10,dinov2_vits14,mean_pool,1,0,1,0.7580999732017517,0.7467929442221367
cifar10,dinov2_vits14,mean_pool,1,0,5,0.7580999732017517,0.7467929442221367
cifar10,dinov2_vits14,mean_pool,1,0,20,0.7580999732017517,0.7467929442221367
cifar10,dinov2_vits14,mean_pool,1,1,1,0.6431000232696533,0.6471892082391391
cifar10,dinov2_vits14,mean_pool,1,1,5,0.6431000232696533,0.6471892082391391
cifar10,dinov2_vits14,mean_pool,1,1,20,0.6431000232696533,0.6471892082391391
cifar10,dinov2_vits14,mean_pool,1,2,1,0.5856000185012817,0.537512703942995
cifar10,dinov2_vits14,mean_pool,1,2,5,0.5856000185012817,0.537512703942995
cifar10,dinov2_vits14,mean_pool,1,2,20,0.5856000185012817,0.537512703942995
cifar10,dinov2_vits14,mean_pool,2,0,1,0.7689999938011169,0.7680351299716444
cifar10,dinov2_vits14,mean_pool,2,0,5,0.7858999967575073,0.7839820454638831
cifar10,dinov2_vits14,mean_pool,2,0,20,0.7864000201225281,0.7845105509619563
cifar10,dinov2_vits14,mean_pool,2,1,1,0.7591000199317932,0.7580841379777759
cifar10,dinov2_vits14,mean_pool,2,1,5,0.777899980545044,0.7760750851785502
cifar10,dinov2_vits14,mean_pool,2,1,20,0.7778000235557556,0.7761194552289963
cifar10,dinov2_vits14,mean_pool,2,2,1,0.7315000295639038,0.7095003500624782
cifar10,dinov2_vits14,mean_pool,2,2,5,0.7476000189781189,0.7260751204115417
cifar10,dinov2_vits14,mean_pool,2,2,20,0.7452999949455261,0.7237875724471501
cifar10,dinov2_vits14,mean_pool,5,0,1,0.8288999795913696,0.8263501079208924
cifar10,dinov2_vits14,mean_pool,5,0,5,0.8471999764442444,0.8437118628801311
cifar10,dinov2_vits14,mean_pool,5,0,20,0.8497999906539917,0.8460200750013115
cifar10,dinov2_vits14,mean_pool,5,1,1,0.829800009727478,0.8276756360571573
cifar10,dinov2_vits14,mean_pool,5,1,5,0.8445000052452087,0.8423347185468941
cifar10,dinov2_vits14,mean_pool,5,1,20,0.8490999937057495,0.846829271823456
cifar10,dinov2_vits14,mean_pool,5,2,1,0.8227999806404114,0.819800449639288
cifar10,dinov2_vits14,mean_pool,5,2,5,0.8474000096321106,0.8443126445816113
cifar10,dinov2_vits14,mean_pool,5,2,20,0.8518999814987183,0.8486857079767514
cifar10,dinov2_vits14,mean_pool,10,0,1,0.8324000239372253,0.831788675224103
cifar10,dinov2_vits14,mean_pool,10,0,5,0.8608999848365784,0.8593321029063077
cifar10,dinov2_vits14,mean_pool,10,0,20,0.8694999814033508,0.8681582173073448
cifar10,dinov2_vits14,mean_pool,10,1,1,0.8479999899864197,0.8461247407257437
cifar10,dinov2_vits14,mean_pool,10,1,5,0.8651000261306763,0.8630140261804012
cifar10,dinov2_vits14,mean_pool,10,1,20,0.869700014591217,0.8676993066389805
cifar10,dinov2_vits14,mean_pool,10,2,1,0.8432999849319458,0.8418169152838729
cifar10,dinov2_vits14,mean_pool,10,2,5,0.8669000267982483,0.8652666025663169
cifar10,dinov2_vits14,mean_pool,10,2,20,0.8734999895095825,0.871704994784716
cifar10,dinov2_vits14,mean_pool,20,0,1,0.8618000149726868,0.8615943570702628
cifar10,dinov2_vits14,mean_pool,20,0,5,0.8913999795913696,0.8908998411474519
cifar10,dinov2_vits14,mean_pool,20,0,20,0.9018999934196472,0.901204135935393
cifar10,dinov2_vits14,mean_pool,20,1,1,0.8598999977111816,0.8583845988939759
cifar10,dinov2_vits14,mean_pool,20,1,5,0.8835999965667725,0.882049783742102
cifar10,dinov2_vits14,mean_pool,20,1,20,0.8895999789237976,0.8882527470980314
cifar10,dinov2_vits14,mean_pool,20,2,1,0.8769000172615051,0.8766196154607991
cifar10,dinov2_vits14,mean_pool,20,2,5,0.8960000276565552,0.8956671490741819
cifar10,dinov2_vits14,mean_pool,20,2,20,0.9024999737739563,0.901921528750154
cifar10,dinov2_vits14,mean_pool,50,0,1,0.8885999917984009,0.8880415782720809
cifar10,dinov2_vits14,mean_pool,50,0,5,0.9111999869346619,0.9107124032165121
cifar10,dinov2_vits14,mean_pool,50,0,20,0.9210000038146973,0.920498418992741
cifar10,dinov2_vits14,mean_pool,50,1,1,0.8870999813079834,0.8860427600746595
cifar10,dinov2_vits14,mean_pool,50,1,5,0.9057000279426575,0.9047838885936812
cifar10,dinov2_vits14,mean_pool,50,1,20,0.9114000201225281,0.9104533090434378
cifar10,dinov2_vits14,mean_pool,50,2,1,0.8855999708175659,0.8852789345788811
cifar10,dinov2_vits14,mean_pool,50,2,5,0.904699981212616,0.904101399300415
cifar10,dinov2_vits14,mean_pool,50,2,20,0.9139000177383423,0.9132051322117285
cifar10,dinov2_vits14,mean_pool,100,0,1,0.9016000032424927,0.9013352371700496
cifar10,dinov2_vits14,mean_pool,100,0,5,0.9208999872207642,0.9205144517438211
cifar10,dinov2_vits14,mean_pool,100,0,20,0.9277999997138977,0.9274649255035529
cifar10,dinov2_vits14,mean_pool,100,1,1,0.902999997138977,0.9023285667677852
cifar10,dinov2_vits14,mean_pool,100,1,5,0.9186000227928162,0.9180926469320074
cifar10,dinov2_vits14,mean_pool,100,1,20,0.9218000173568726,0.9212704376126595
cifar10,dinov2_vits14,mean_pool,100,2,1,0.9035000205039978,0.9033661859276944
cifar10,dinov2_vits14,mean_pool,100,2,5,0.9223999977111816,0.9221632329841052
cifar10,dinov2_vits14,mean_pool,100,2,20,0.9298999905586243,0.9296093085345676
cifar10,dinov2_vits14_reg,cls,1,0,1,0.7480999827384949,0.7437207457869196
cifar10,dinov2_vits14_reg,cls,1,0,5,0.7480999827384949,0.7437207457869196
cifar10,dinov2_vits14_reg,cls,1,0,20,0.7480999827384949,0.7437207457869196
cifar10,dinov2_vits14_reg,cls,1,1,1,0.6601999998092651,0.6538986929162622
cifar10,dinov2_vits14_reg,cls,1,1,5,0.6601999998092651,0.6538986929162622
cifar10,dinov2_vits14_reg,cls,1,1,20,0.6601999998092651,0.6538986929162622
cifar10,dinov2_vits14_reg,cls,1,2,1,0.6377000212669373,0.6104961211875216
cifar10,dinov2_vits14_reg,cls,1,2,5,0.6377000212669373,0.6104961211875216
cifar10,dinov2_vits14_reg,cls,1,2,20,0.6377000212669373,0.6104961211875216
cifar10,dinov2_vits14_reg,cls,2,0,1,0.7997000217437744,0.7964810911766393
cifar10,dinov2_vits14_reg,cls,2,0,5,0.8133999705314636,0.8090176707980717
cifar10,dinov2_vits14_reg,cls,2,0,20,0.8141000270843506,0.8099331967231391
cifar10,dinov2_vits14_reg,cls,2,1,1,0.8025000095367432,0.7997323678992645
cifar10,dinov2_vits14_reg,cls,2,1,5,0.8129000067710876,0.8100444017311261
cifar10,dinov2_vits14_reg,cls,2,1,20,0.8112999796867371,0.8086296039413503
cifar10,dinov2_vits14_reg,cls,2,2,1,0.766700029373169,0.763628565050855
cifar10,dinov2_vits14_reg,cls,2,2,5,0.7827000021934509,0.7800492002132742
cifar10,dinov2_vits14_reg,cls,2,2,20,0.7827000021934509,0.779953973767954
cifar10,dinov2_vits14_reg,cls,5,0,1,0.8619999885559082,0.862061090674491
cifar10,dinov2_vits14_reg,cls,5,0,5,0.876800000667572,0.8762496267595173
cifar10,dinov2_vits14_reg,cls,5,0,20,0.8802000284194946,0.8795027159534806
cifar10,dinov2_vits14_reg,cls,5,1,1,0.880299985408783,0.8802200587795113
cifar10,dinov2_vits14_reg,cls,5,1,5,0.8978000283241272,0.8975364112571951
cifar10,dinov2_vits14_reg,cls,5,1,20,0.9000999927520752,0.8997676947157416
cifar10,dinov2_vits14_reg,cls,5,2,1,0.8388000130653381,0.8369362283454018
cifar10,dinov2_vits14_reg,cls,5,2,5,0.8580999970436096,0.8560843851909409
cifar10,dinov2_vits14_reg,cls,5,2,20,0.8633999824523926,0.8610719301790987
cifar10,dinov2_vits14_reg,cls,10,0,1,0.8841999769210815,0.8838640704832035
cifar10,dinov2_vits14_reg,cls,10,0,5,0.9031999707221985,0.9026886229594544
cifar10,dinov2_vits14_reg,cls,10,0,20,0.911300003528595,0.9106431481724405
cifar10,dinov2_vits14_reg,cls,10,1,1,0.9035000205039978,0.9034097870119829
cifar10,dinov2_vits14_reg,cls,10,1,5,0.9161999821662903,0.9160400293614362
cifar10,dinov2_vits14_reg,cls,10,1,20,0.9205999970436096,0.9203650957021023
cifar10,dinov2_vits14_reg,cls,10,2,1,0.8902000188827515,0.8898377748145452
cifar10,dinov2_vits14_reg,cls,10,2,5,0.9028000235557556,0.9024063198426869
cifar10,dinov2_vits14_reg,cls,10,2,20,0.9071999788284302,0.9067287617189457
cifar10,dinov2_vits14_reg,cls,20,0,1,0.9072999954223633,0.9072495060610496
cifar10,dinov2_vits14_reg,cls,20,0,5,0.9247999787330627,0.9245474975676103
cifar10,dinov2_vits14_reg,cls,20,0,20,0.9322999715805054,0.9320586080185622
cifar10,dinov2_vits14_reg,cls,20,1,1,0.911899983882904,0.9115628556707266
cifar10,dinov2_vits14_reg,cls,20,1,5,0.9248999953269958,0.9247856526185808
cifar10,dinov2_vits14_reg,cls,20,1,20,0.9276999831199646,0.9275323632505081
cifar10,dinov2_vits14_reg,cls,20,2,1,0.9139000177383423,0.9133417737153107
cifar10,dinov2_vits14_reg,cls,20,2,5,0.9243999719619751,0.9239523580697003
cifar10,dinov2_vits14_reg,cls,20,2,20,0.9297999739646912,0.9294251569101085
cifar10,dinov2_vits14_reg,cls,50,0,1,0.9247000217437744,0.9250507978789196
cifar10,dinov2_vits14_reg,cls,50,0,5,0.9391999840736389,0.9394621764700946
cifar10,dinov2_vits14_reg,cls,50,0,20,0.9434999823570251,0.9437201598883596
cifar10,dinov2_vits14_reg,cls,50,1,1,0.9264000058174133,0.926367326372125
cifar10,dinov2_vits14_reg,cls,50,1,5,0.9376000165939331,0.9375334265484359
cifar10,dinov2_vits14_reg,cls,50,1,20,0.942300021648407,0.9422101612233116
cifar10,dinov2_vits14_reg,cls,50,2,1,0.9204999804496765,0.9202749350820673
cifar10,dinov2_vits14_reg,cls,50,2,5,0.9363999962806702,0.9361808188306855
cifar10,dinov2_vits14_reg,cls,50,2,20,0.9391999840736389,0.93894474786997
cifar10,dinov2_vits14_reg,cls,100,0,1,0.9297999739646912,0.9298121274679358
cifar10,dinov2_vits14_reg,cls,100,0,5,0.945900022983551,0.9459794840728317
cifar10,dinov2_vits14_reg,cls,100,0,20,0.95169997215271,0.9517740062400157
cifar10,dinov2_vits14_reg,cls,100,1,1,0.9334999918937683,0.933544505966226
cifar10,dinov2_vits14_reg,cls,100,1,5,0.946399986743927,0.9464890060104008
cifar10,dinov2_vits14_reg,cls,100,1,20,0.9502999782562256,0.9503672648084862
cifar10,dinov2_vits14_reg,cls,100,2,1,0.9337999820709229,0.9336763511322632
cifar10,dinov2_vits14_reg,cls,100,2,5,0.9466999769210815,0.946561984832759
cifar10,dinov2_vits14_reg,cls,100,2,20,0.9503999948501587,0.9502766791746156
cifar10,dinov2_vits14_reg,mean_pool,1,0,1,0.784600019454956,0.77739992074338
cifar10,dinov2_vits14_reg,mean_pool,1,0,5,0.784600019454956,0.77739992074338
cifar10,dinov2_vits14_reg,mean_pool,1,0,20,0.784600019454956,0.77739992074338
cifar10,dinov2_vits14_reg,mean_pool,1,1,1,0.6916999816894531,0.6907265992681859
cifar10,dinov2_vits14_reg,mean_pool,1,1,5,0.6916999816894531,0.6907265992681859
cifar10,dinov2_vits14_reg,mean_pool,1,1,20,0.6916999816894531,0.6907265992681859
cifar10,dinov2_vits14_reg,mean_pool,1,2,1,0.61080002784729,0.5668498323443251
cifar10,dinov2_vits14_reg,mean_pool,1,2,5,0.61080002784729,0.5668498323443251
cifar10,dinov2_vits14_reg,mean_pool,1,2,20,0.61080002784729,0.5668498323443251
cifar10,dinov2_vits14_reg,mean_pool,2,0,1,0.8187000155448914,0.8139122363937421
cifar10,dinov2_vits14_reg,mean_pool,2,0,5,0.8276000022888184,0.822462925219922
cifar10,dinov2_vits14_reg,mean_pool,2,0,20,0.8274000287055969,0.8223838734879287
cifar10,dinov2_vits14_reg,mean_pool,2,1,1,0.8159000277519226,0.8121098883681173
cifar10,dinov2_vits14_reg,mean_pool,2,1,5,0.828000009059906,0.8245958122974123
cifar10,dinov2_vits14_reg,mean_pool,2,1,20,0.8276000022888184,0.8241101079463808
cifar10,dinov2_vits14_reg,mean_pool,2,2,1,0.7663000226020813,0.7547319219993096
cifar10,dinov2_vits14_reg,mean_pool,2,2,5,0.7788000106811523,0.7684778608576242
cifar10,dinov2_vits14_reg,mean_pool,2,2,20,0.777999997138977,0.767400161695499
cifar10,dinov2_vits14_reg,mean_pool,5,0,1,0.8720999956130981,0.8701134698865015
cifar10,dinov2_vits14_reg,mean_pool,5,0,5,0.8878999948501587,0.8855142805526046
cifar10,dinov2_vits14_reg,mean_pool,5,0,20,0.8888999819755554,0.8864028572102388
cifar10,dinov2_vits14_reg,mean_pool,5,1,1,0.871999979019165,0.8710052944316631
cifar10,dinov2_vits14_reg,mean_pool,5,1,5,0.8903999924659729,0.8893577721630599
cifar10,dinov2_vits14_reg,mean_pool,5,1,20,0.8935999870300293,0.8925934902737651
cifar10,dinov2_vits14_reg,mean_pool,5,2,1,0.8371000289916992,0.8351107702652254
cifar10,dinov2_vits14_reg,mean_pool,5,2,5,0.8540999889373779,0.8521237243151262
cifar10,dinov2_vits14_reg,mean_pool,5,2,20,0.8574000000953674,0.8553514265737097
cifar10,dinov2_vits14_reg,mean_pool,10,0,1,0.8855999708175659,0.8846811265267656
cifar10,dinov2_vits14_reg,mean_pool,10,0,5,0.9053000211715698,0.904418411424594
cifar10,dinov2_vits14_reg,mean_pool,10,0,20,0.9114999771118164,0.9105169765541081
cifar10,dinov2_vits14_reg,mean_pool,10,1,1,0.8907999992370605,0.8901417636299982
cifar10,dinov2_vits14_reg,mean_pool,10,1,5,0.9088000059127808,0.9081250451277615
cifar10,dinov2_vits14_reg,mean_pool,10,1,20,0.9132999777793884,0.9126215477507376
cifar10,dinov2_vits14_reg,mean_pool,10,2,1,0.871399998664856,0.870935134243316
cifar10,dinov2_vits14_reg,mean_pool,10,2,5,0.8888999819755554,0.8882576552658111
cifar10,dinov2_vits14_reg,mean_pool,10,2,20,0.8948000073432922,0.8940810287708967
cifar10,dinov2_vits14_reg,mean_pool,20,0,1,0.9053999781608582,0.9050370164111333
cifar10,dinov2_vits14_reg,mean_pool,20,0,5,0.920199990272522,0.9197696506398373
cifar10,dinov2_vits14_reg,mean_pool,20,0,20,0.9301000237464905,0.9296201236113731
cifar10,dinov2_vits14_reg,mean_pool,20,1,1,0.892799973487854,0.8922603695692379
cifar10,dinov2_vits14_reg,mean_pool,20,1,5,0.9126999974250793,0.9121138228411532
cifar10,dinov2_vits14_reg,mean_pool,20,1,20,0.917900025844574,0.9172326898629066
cifar10,dinov2_vits14_reg,mean_pool,20,2,1,0.9049999713897705,0.9044496812712908
cifar10,dinov2_vits14_reg,mean_pool,20,2,5,0.9189000129699707,0.9184557644994855
cifar10,dinov2_vits14_reg,mean_pool,20,2,20,0.9247999787330627,0.9244294978537061
cifar10,dinov2_vits14_reg,mean_pool,50,0,1,0.9158999919891357,0.9156330814190115
cifar10,dinov2_vits14_reg,mean_pool,50,0,5,0.9315000176429749,0.931299354071103
cifar10,dinov2_vits14_reg,mean_pool,50,0,20,0.9416999816894531,0.9414924328512259
cifar10,dinov2_vits14_reg,mean_pool,50,1,1,0.9138000011444092,0.9134239296685902
cifar10,dinov2_vits14_reg,mean_pool,50,1,5,0.9293000102043152,0.9289087931637556
cifar10,dinov2_vits14_reg,mean_pool,50,1,20,0.9332000017166138,0.9328570284624103
cifar10,dinov2_vits14_reg,mean_pool,50,2,1,0.9068999886512756,0.9065039231382028
cifar10,dinov2_vits14_reg,mean_pool,50,2,5,0.9243999719619751,0.9240061585922341
cifar10,dinov2_vits14_reg,mean_pool,50,2,20,0.9325000047683716,0.9320516465221879
cifar10,dinov2_vits14_reg,mean_pool,100,0,1,0.925599992275238,0.925348067122583
cifar10,dinov2_vits14_reg,mean_pool,100,0,5,0.9430000185966492,0.9428463535130719
cifar10,dinov2_vits14_reg,mean_pool,100,0,20,0.9478999972343445,0.9478342287420357
cifar10,dinov2_vits14_reg,mean_pool,100,1,1,0.9247000217437744,0.9244583223471159
cifar10,dinov2_vits14_reg,mean_pool,100,1,5,0.9394000172615051,0.9391830294311296
cifar10,dinov2_vits14_reg,mean_pool,100,1,20,0.9434000253677368,0.9432415425765421
cifar10,dinov2_vits14_reg,mean_pool,100,2,1,0.9244999885559082,0.9243209498146312
cifar10,dinov2_vits14_reg,mean_pool,100,2,5,0.9376000165939331,0.9374340046482071
cifar10,dinov2_vits14_reg,mean_pool,100,2,20,0.9441999793052673,0.9439718171196448
cifar10,moco_v3_vits16,cls,1,0,1,0.23199999332427979,0.22138696799181878
cifar10,moco_v3_vits16,cls,1,0,5,0.23199999332427979,0.22138696799181878
cifar10,moco_v3_vits16,cls,1,0,20,0.23199999332427979,0.22138696799181878
cifar10,moco_v3_vits16,cls,1,1,1,0.2143000066280365,0.20348343466264834
cifar10,moco_v3_vits16,cls,1,1,5,0.2143000066280365,0.20348343466264834
cifar10,moco_v3_vits16,cls,1,1,20,0.2143000066280365,0.20348343466264834
cifar10,moco_v3_vits16,cls,1,2,1,0.20669999718666077,0.17420868126648734
cifar10,moco_v3_vits16,cls,1,2,5,0.20669999718666077,0.17420868126648734
cifar10,moco_v3_vits16,cls,1,2,20,0.20669999718666077,0.17420868126648734
cifar10,moco_v3_vits16,cls,2,0,1,0.23559999465942383,0.2242694003395147
cifar10,moco_v3_vits16,cls,2,0,5,0.2547000050544739,0.2378548673214068
cifar10,moco_v3_vits16,cls,2,0,20,0.2676999866962433,0.24766206916905759
cifar10,moco_v3_vits16,cls,2,1,1,0.24660000205039978,0.23624684762553225
cifar10,moco_v3_vits16,cls,2,1,5,0.23659999668598175,0.21150982798867765
cifar10,moco_v3_vits16,cls,2,1,20,0.2442999929189682,0.218268568174872
cifar10,moco_v3_vits16,cls,2,2,1,0.22269999980926514,0.19332513231604492
cifar10,moco_v3_vits16,cls,2,2,5,0.2070000022649765,0.174396715793373
cifar10,moco_v3_vits16,cls,2,2,20,0.21870000660419464,0.1781481132345492
cifar10,moco_v3_vits16,cls,5,0,1,0.26899999380111694,0.24638934802846418
cifar10,moco_v3_vits16,cls,5,0,5,0.289900004863739,0.25786611259105174
cifar10,moco_v3_vits16,cls,5,0,20,0.2806999981403351,0.24319548380961037
cifar10,moco_v3_vits16,cls,5,1,1,0.29919999837875366,0.28143349209192653
cifar10,moco_v3_vits16,cls,5,1,5,0.3059000074863434,0.2807430908793487
cifar10,moco_v3_vits16,cls,5,1,20,0.28110000491142273,0.22960721120560268
cifar10,moco_v3_vits16,cls,5,2,1,0.3034000098705292,0.29184503601035977
cifar10,moco_v3_vits16,cls,5,2,5,0.3190000057220459,0.3086137021593219
cifar10,moco_v3_vits16,cls,5,2,20,0.2863999903202057,0.26242335260726973
cifar10,moco_v3_vits16,cls,10,0,1,0.296099990606308,0.2835534153528033
cifar10,moco_v3_vits16,cls,10,0,5,0.3271999955177307,0.306397766517114
cifar10,moco_v3_vits16,cls,10,0,20,0.3314000070095062,0.2964754985002158
cifar10,moco_v3_vits16,cls,10,1,1,0.31839999556541443,0.3073272227660549
cifar10,moco_v3_vits16,cls,10,1,5,0.3407999873161316,0.32452127347797666
cifar10,moco_v3_vits16,cls,10,1,20,0.33649998903274536,0.31261952656814895
cifar10,moco_v3_vits16,cls,10,2,1,0.3156000077724457,0.3106411565457599
cifar10,moco_v3_vits16,cls,10,2,5,0.33719998598098755,0.3314174979420997
cifar10,moco_v3_vits16,cls,10,2,20,0.35280001163482666,0.34238295282075726
cifar10,moco_v3_vits16,cls,20,0,1,0.32749998569488525,0.3226539597096908
cifar10,moco_v3_vits16,cls,20,0,5,0.36640000343322754,0.3580293501313364
cifar10,moco_v3_vits16,cls,20,0,20,0.3885999917984009,0.36876643153241534
cifar10,moco_v3_vits16,cls,20,1,1,0.3138999938964844,0.30574625011893375
cifar10,moco_v3_vits16,cls,20,1,5,0.34790000319480896,0.3383246838080133
cifar10,moco_v3_vits16,cls,20,1,20,0.349700003862381,0.3354521410785106
cifar10,moco_v3_vits16,cls,20,2,1,0.33730000257492065,0.3327647293804395
cifar10,moco_v3_vits16,cls,20,2,5,0.3698999881744385,0.36312839605048197
cifar10,moco_v3_vits16,cls,20,2,20,0.3806000053882599,0.36738726073212896
cifar10,moco_v3_vits16,cls,50,0,1,0.3693000078201294,0.36518573337049276
cifar10,moco_v3_vits16,cls,50,0,5,0.4011000096797943,0.39354857809005755
cifar10,moco_v3_vits16,cls,50,0,20,0.4169999957084656,0.4062398897298219
cifar10,moco_v3_vits16,cls,50,1,1,0.36739999055862427,0.36034539839436686
cifar10,moco_v3_vits16,cls,50,1,5,0.4108000099658966,0.39945875049622154
cifar10,moco_v3_vits16,cls,50,1,20,0.42410001158714294,0.40630024313300994
cifar10,moco_v3_vits16,cls,50,2,1,0.35929998755455017,0.3538934122181895
cifar10,moco_v3_vits16,cls,50,2,5,0.40639999508857727,0.3978859717110678
cifar10,moco_v3_vits16,cls,50,2,20,0.42890000343322754,0.4160488762203176
cifar10,moco_v3_vits16,cls,100,0,1,0.3939000070095062,0.3900317827932591
cifar10,moco_v3_vits16,cls,100,0,5,0.4438999891281128,0.43770564946839097
cifar10,moco_v3_vits16,cls,100,0,20,0.4593999981880188,0.45019874720478165
cifar10,moco_v3_vits16,cls,100,1,1,0.3873000144958496,0.3821227051254663
cifar10,moco_v3_vits16,cls,100,1,5,0.439300000667572,0.43088993980654144
cifar10,moco_v3_vits16,cls,100,1,20,0.46000000834465027,0.44617348366419857
cifar10,moco_v3_vits16,cls,100,2,1,0.39100000262260437,0.3857032759320466
cifar10,moco_v3_vits16,cls,100,2,5,0.4345000088214874,0.42625269561949375
cifar10,moco_v3_vits16,cls,100,2,20,0.460999995470047,0.4512007834702724
cifar10,moco_v3_vits16,mean_pool,1,0,1,0.2134000062942505,0.21241730190471278
cifar10,moco_v3_vits16,mean_pool,1,0,5,0.2134000062942505,0.21241730190471278
cifar10,moco_v3_vits16,mean_pool,1,0,20,0.2134000062942505,0.21241730190471278
cifar10,moco_v3_vits16,mean_pool,1,1,1,0.2125999927520752,0.18134088556261183
cifar10,moco_v3_vits16,mean_pool,1,1,5,0.2125999927520752,0.18134088556261183
cifar10,moco_v3_vits16,mean_pool,1,1,20,0.2125999927520752,0.18134088556261183
cifar10,moco_v3_vits16,mean_pool,1,2,1,0.20170000195503235,0.15292235248362357
cifar10,moco_v3_vits16,mean_pool,1,2,5,0.20170000195503235,0.15292235248362357
cifar10,moco_v3_vits16,mean_pool,1,2,20,0.20170000195503235,0.15292235248362357
cifar10,moco_v3_vits16,mean_pool,2,0,1,0.24459999799728394,0.23214123265205405
cifar10,moco_v3_vits16,mean_pool,2,0,5,0.23229999840259552,0.22617349263064024
cifar10,moco_v3_vits16,mean_pool,2,0,20,0.2484000027179718,0.24202449155764705
cifar10,moco_v3_vits16,mean_pool,2,1,1,0.26170000433921814,0.2357288335238248
cifar10,moco_v3_vits16,mean_pool,2,1,5,0.2671999931335449,0.24411485466697885
cifar10,moco_v3_vits16,mean_pool,2,1,20,0.26109999418258667,0.23121116174488582
cifar10,moco_v3_vits16,mean_pool,2,2,1,0.21860000491142273,0.1850568498384119
cifar10,moco_v3_vits16,mean_pool,2,2,5,0.20559999346733093,0.16387172866237637
cifar10,moco_v3_vits16,mean_pool,2,2,20,0.21539999544620514,0.16766353368757753
cifar10,moco_v3_vits16,mean_pool,5,0,1,0.2840000092983246,0.2703306028840303
cifar10,moco_v3_vits16,mean_pool,5,0,5,0.29760000109672546,0.2779601866245819
cifar10,moco_v3_vits16,mean_pool,5,0,20,0.24940000474452972,0.23050344722160943
cifar10,moco_v3_vits16,mean_pool,5,1,1,0.29330000281333923,0.28425809884365283
cifar10,moco_v3_vits16,mean_pool,5,1,5,0.32030001282691956,0.30184553929423885
cifar10,moco_v3_vits16,mean_pool,5,1,20,0.2770000100135803,0.23804840364187468
cifar10,moco_v3_vits16,mean_pool,5,2,1,0.3158999979496002,0.29849991403134085
cifar10,moco_v3_vits16,mean_pool,5,2,5,0.31690001487731934,0.3029540085634022
cifar10,moco_v3_vits16,mean_pool,5,2,20,0.2703000009059906,0.24807358403909746
cifar10,moco_v3_vits16,mean_pool,10,0,1,0.3073999881744385,0.2972516820291585
cifar10,moco_v3_vits16,mean_pool,10,0,5,0.3531999886035919,0.33780748370674896
cifar10,moco_v3_vits16,mean_pool,10,0,20,0.36079999804496765,0.33915603795754395
cifar10,moco_v3_vits16,mean_pool,10,1,1,0.32089999318122864,0.3165107853220223
cifar10,moco_v3_vits16,mean_pool,10,1,5,0.3513000011444092,0.33963723049415523
cifar10,moco_v3_vits16,mean_pool,10,1,20,0.3562999963760376,0.33487637461710457
cifar10,moco_v3_vits16,mean_pool,10,2,1,0.31700000166893005,0.3076847846003124
cifar10,moco_v3_vits16,mean_pool,10,2,5,0.3375999927520752,0.3278855905267509
cifar10,moco_v3_vits16,mean_pool,10,2,20,0.3424000144004822,0.3301994818929309
cifar10,moco_v3_vits16,mean_pool,20,0,1,0.326200008392334,0.32141098065143925
cifar10,moco_v3_vits16,mean_pool,20,0,5,0.3736000061035156,0.3678286200790538
cifar10,moco_v3_vits16,mean_pool,20,0,20,0.398499995470047,0.385083631223234
cifar10,moco_v3_vits16,mean_pool,20,1,1,0.33000001311302185,0.32435897185630347
cifar10,moco_v3_vits16,mean_pool,20,1,5,0.3644999861717224,0.35419960634664127
cifar10,moco_v3_vits16,mean_pool,20,1,20,0.3774999976158142,0.36004887813619413
cifar10,moco_v3_vits16,mean_pool,20,2,1,0.34689998626708984,0.3386889125529826
cifar10,moco_v3_vits16,mean_pool,20,2,5,0.3756999969482422,0.3597036338054851
cifar10,moco_v3_vits16,mean_pool,20,2,20,0.37380000948905945,0.3500092134257122
cifar10,moco_v3_vits16,mean_pool,50,0,1,0.3625999987125397,0.35762271695901865
cifar10,moco_v3_vits16,mean_pool,50,0,5,0.40799999237060547,0.39937180734281524
cifar10,moco_v3_vits16,mean_pool,50,0,20,0.4375,0.425785892882553
cifar10,moco_v3_vits16,mean_pool,50,1,1,0.374099999666214,0.3691098962231648
cifar10,moco_v3_vits16,mean_pool,50,1,5,0.4106999933719635,0.39848084172764736
cifar10,moco_v3_vits16,mean_pool,50,1,20,0.42260000109672546,0.400771903110441
cifar10,moco_v3_vits16,mean_pool,50,2,1,0.36730000376701355,0.3584651887089931
cifar10,moco_v3_vits16,mean_pool,50,2,5,0.4092999994754791,0.3947643834692514
cifar10,moco_v3_vits16,mean_pool,50,2,20,0.4115000069141388,0.38668907689464904
cifar10,moco_v3_vits16,mean_pool,100,0,1,0.3926999866962433,0.38752376856707343
cifar10,moco_v3_vits16,mean_pool,100,0,5,0.446399986743927,0.43696642348178305
cifar10,moco_v3_vits16,mean_pool,100,0,20,0.4611999988555908,0.4462611587055293
cifar10,moco_v3_vits16,mean_pool,100,1,1,0.39070001244544983,0.38455793384394504
cifar10,moco_v3_vits16,mean_pool,100,1,5,0.4399000108242035,0.42998740835090776
cifar10,moco_v3_vits16,mean_pool,100,1,20,0.460999995470047,0.44273195312840546
cifar10,moco_v3_vits16,mean_pool,100,2,1,0.383899986743927,0.37593134989047544
cifar10,moco_v3_vits16,mean_pool,100,2,5,0.4275999963283539,0.41546066338651455
cifar10,moco_v3_vits16,mean_pool,100,2,20,0.44670000672340393,0.43113180606840784
cifar100,dino_vits16,cls,1,0,1,0.3199999928474426,0.32379109884428703
cifar100,dino_vits16,cls,1,0,5,0.3199999928474426,0.32379109884428703
cifar100,dino_vits16,cls,1,0,20,0.3199999928474426,0.32379109884428703
cifar100,dino_vits16,cls,1,1,1,0.31859999895095825,0.30858775442743114
cifar100,dino_vits16,cls,1,1,5,0.31859999895095825,0.30858775442743114
cifar100,dino_vits16,cls,1,1,20,0.31859999895095825,0.30858775442743114
cifar100,dino_vits16,cls,1,2,1,0.3294999897480011,0.31989381159211694
cifar100,dino_vits16,cls,1,2,5,0.3294999897480011,0.31989381159211694
cifar100,dino_vits16,cls,1,2,20,0.3294999897480011,0.31989381159211694
cifar100,dino_vits16,cls,2,0,1,0.38089999556541443,0.376763680966774
cifar100,dino_vits16,cls,2,0,5,0.39649999141693115,0.3894101003973984
cifar100,dino_vits16,cls,2,0,20,0.40540000796318054,0.39685938633883827
cifar100,dino_vits16,cls,2,1,1,0.3944000005722046,0.39282250060082824
cifar100,dino_vits16,cls,2,1,5,0.4072999954223633,0.40169210219754686
cifar100,dino_vits16,cls,2,1,20,0.41600000858306885,0.4092159957696691
cifar100,dino_vits16,cls,2,2,1,0.41130000352859497,0.40856474139845905
cifar100,dino_vits16,cls,2,2,5,0.42579999566078186,0.4205987428229225
cifar100,dino_vits16,cls,2,2,20,0.43209999799728394,0.4267261028833431
cifar100,dino_vits16,cls,5,0,1,0.47290000319480896,0.4701964032516709
cifar100,dino_vits16,cls,5,0,5,0.5033000111579895,0.4972063757765065
cifar100,dino_vits16,cls,5,0,20,0.5241000056266785,0.51579671033384
cifar100,dino_vits16,cls,5,1,1,0.48240000009536743,0.4811588525556234
cifar100,dino_vits16,cls,5,1,5,0.5081999897956848,0.5039604179939099
cifar100,dino_vits16,cls,5,1,20,0.5293999910354614,0.5227608814782001
cifar100,dino_vits16,cls,5,2,1,0.47290000319480896,0.46682643939628987
cifar100,dino_vits16,cls,5,2,5,0.5023999810218811,0.49428829869693547
cifar100,dino_vits16,cls,5,2,20,0.5214999914169312,0.5123786569693652
cifar100,dino_vits16,cls,10,0,1,0.5206000208854675,0.5172180418976002
cifar100,dino_vits16,cls,10,0,5,0.5626999735832214,0.5561374705783211
cifar100,dino_vits16,cls,10,0,20,0.5856000185012817,0.577158627885338
cifar100,dino_vits16,cls,10,1,1,0.5232999920845032,0.5190970853744453
cifar100,dino_vits16,cls,10,1,5,0.5552999973297119,0.5481538772637886
cifar100,dino_vits16,cls,10,1,20,0.5820000171661377,0.5728358286309819
cifar100,dino_vits16,cls,10,2,1,0.5311999917030334,0.5263686622228826
cifar100,dino_vits16,cls,10,2,5,0.5663999915122986,0.560462874310287
cifar100,dino_vits16,cls,10,2,20,0.5935999751091003,0.5850694365118295
cifar100,dino_vits16,cls,20,0,1,0.5672000050544739,0.5647940048658722
cifar100,dino_vits16,cls,20,0,5,0.6132000088691711,0.6084606470293026
cifar100,dino_vits16,cls,20,0,20,0.6377000212669373,0.6332113708301154
cifar100,dino_vits16,cls,20,1,1,0.5637999773025513,0.5575014989145967
cifar100,dino_vits16,cls,20,1,5,0.6078000068664551,0.6009364267652966
cifar100,dino_vits16,cls,20,1,20,0.6345000267028809,0.6264150795115195
cifar100,dino_vits16,cls,20,2,1,0.5734000205993652,0.5703821526854631
cifar100,dino_vits16,cls,20,2,5,0.6108999848365784,0.6058961187776926
cifar100,dino_vits16,cls,20,2,20,0.6384999752044678,0.6318208738817335
cifar100,dino_vits16,cls,50,0,1,0.6194999814033508,0.616956868291604
cifar100,dino_vits16,cls,50,0,5,0.6633999943733215,0.6600257701977674
cifar100,dino_vits16,cls,50,0,20,0.6819000244140625,0.6774864141143992
cifar100,dino_vits16,cls,50,1,1,0.6284999847412109,0.6255912614977206
cifar100,dino_vits16,cls,50,1,5,0.6668999791145325,0.6631222095940866
cifar100,dino_vits16,cls,50,1,20,0.6895999908447266,0.6852287576634967
cifar100,dino_vits16,cls,50,2,1,0.6262000203132629,0.6228091761283846
cifar100,dino_vits16,cls,50,2,5,0.6674000024795532,0.6628261079798348
cifar100,dino_vits16,cls,50,2,20,0.6870999932289124,0.6823365387046405
cifar100,dino_vits16,cls,100,0,1,0.663100004196167,0.6605962094775139
cifar100,dino_vits16,cls,100,0,5,0.7003999948501587,0.6972350544794089
cifar100,dino_vits16,cls,100,0,20,0.7217000126838684,0.7178267971004765
cifar100,dino_vits16,cls,100,1,1,0.6682999730110168,0.6650925844788564
cifar100,dino_vits16,cls,100,1,5,0.7059999704360962,0.7031091850311896
cifar100,dino_vits16,cls,100,1,20,0.7263000011444092,0.7229647797667353
cifar100,dino_vits16,cls,100,2,1,0.6644999980926514,0.662440490567172
cifar100,dino_vits16,cls,100,2,5,0.7034000158309937,0.7010389928881093
cifar100,dino_vits16,cls,100,2,20,0.7271999716758728,0.7242129077796636
cifar100,dino_vits16,mean_pool,1,0,1,0.14429999887943268,0.13787685867613292
cifar100,dino_vits16,mean_pool,1,0,5,0.14429999887943268,0.13787685867613292
cifar100,dino_vits16,mean_pool,1,0,20,0.14429999887943268,0.13787685867613292
cifar100,dino_vits16,mean_pool,1,1,1,0.13449999690055847,0.1273890806417928
cifar100,dino_vits16,mean_pool,1,1,5,0.13449999690055847,0.1273890806417928
cifar100,dino_vits16,mean_pool,1,1,20,0.13449999690055847,0.1273890806417928
cifar100,dino_vits16,mean_pool,1,2,1,0.1444000005722046,0.1414850555276291
cifar100,dino_vits16,mean_pool,1,2,5,0.1444000005722046,0.1414850555276291
cifar100,dino_vits16,mean_pool,1,2,20,0.1444000005722046,0.1414850555276291
cifar100,dino_vits16,mean_pool,2,0,1,0.1859000027179718,0.18406846515269418
cifar100,dino_vits16,mean_pool,2,0,5,0.18549999594688416,0.17992020469686765
cifar100,dino_vits16,mean_pool,2,0,20,0.17270000278949738,0.15673750300197997
cifar100,dino_vits16,mean_pool,2,1,1,0.17759999632835388,0.17392822002699115
cifar100,dino_vits16,mean_pool,2,1,5,0.17389999330043793,0.16830336418773953
cifar100,dino_vits16,mean_pool,2,1,20,0.1704999953508377,0.1570815840671792
cifar100,dino_vits16,mean_pool,2,2,1,0.18230000138282776,0.1822146862829457
cifar100,dino_vits16,mean_pool,2,2,5,0.1826000064611435,0.18250335966893033
cifar100,dino_vits16,mean_pool,2,2,20,0.1736000031232834,0.17012540618332136
cifar100,dino_vits16,mean_pool,5,0,1,0.23100000619888306,0.23003031879514496
cifar100,dino_vits16,mean_pool,5,0,5,0.241799995303154,0.2374254464418215
cifar100,dino_vits16,mean_pool,5,0,20,0.23479999601840973,0.22475497044211243
cifar100,dino_vits16,mean_pool,5,1,1,0.22939999401569366,0.2297534678891593
cifar100,dino_vits16,mean_pool,5,1,5,0.23080000281333923,0.22746183292360325
cifar100,dino_vits16,mean_pool,5,1,20,0.2295999974012375,0.22399591325696797
cifar100,dino_vits16,mean_pool,5,2,1,0.23639999330043793,0.2340580375293339
cifar100,dino_vits16,mean_pool,5,2,5,0.23989999294281006,0.2352654131336707
cifar100,dino_vits16,mean_pool,5,2,20,0.23649999499320984,0.22601178523931562
cifar100,dino_vits16,mean_pool,10,0,1,0.27869999408721924,0.2769485753131835
cifar100,dino_vits16,mean_pool,10,0,5,0.29679998755455017,0.2919678709579451
cifar100,dino_vits16,mean_pool,10,0,20,0.3028999865055084,0.2921559216356551
cifar100,dino_vits16,mean_pool,10,1,1,0.2687000036239624,0.2654893778551952
cifar100,dino_vits16,mean_pool,10,1,5,0.2849000096321106,0.280246609183475
cifar100,dino_vits16,mean_pool,10,1,20,0.29010000824928284,0.28063683529139005
cifar100,dino_vits16,mean_pool,10,2,1,0.2678999900817871,0.2675537983117428
cifar100,dino_vits16,mean_pool,10,2,5,0.2818000018596649,0.277226767157627
cifar100,dino_vits16,mean_pool,10,2,20,0.2840999960899353,0.2747186685940077
cifar100,dino_vits16,mean_pool,20,0,1,0.3156999945640564,0.3175638642268711
cifar100,dino_vits16,mean_pool,20,0,5,0.3424000144004822,0.33857073430349965
cifar100,dino_vits16,mean_pool,20,0,20,0.34779998660087585,0.3394715762090719
cifar100,dino_vits16,mean_pool,20,1,1,0.31470000743865967,0.31255755096601046
cifar100,dino_vits16,mean_pool,20,1,5,0.3328999876976013,0.32821357867768697
cifar100,dino_vits16,mean_pool,20,1,20,0.34119999408721924,0.33018151407933877
cifar100,dino_vits16,mean_pool,20,2,1,0.31779998540878296,0.31712065421889496
cifar100,dino_vits16,mean_pool,20,2,5,0.34040001034736633,0.3348078531176237
cifar100,dino_vits16,mean_pool,20,2,20,0.34779998660087585,0.33629841103687674
cifar100,dino_vits16,mean_pool,50,0,1,0.3718000054359436,0.37124104992082624
cifar100,dino_vits16,mean_pool,50,0,5,0.4047999978065491,0.40116704636072
cifar100,dino_vits16,mean_pool,50,0,20,0.4122999906539917,0.40416027381321384
cifar100,dino_vits16,mean_pool,50,1,1,0.3716999888420105,0.36991169526278134
cifar100,dino_vits16,mean_pool,50,1,5,0.4066999852657318,0.4016591656467352
cifar100,dino_vits16,mean_pool,50,1,20,0.4178999960422516,0.41028350410048836
cifar100,dino_vits16,mean_pool,50,2,1,0.3783000111579895,0.37727189022102336
cifar100,dino_vits16,mean_pool,50,2,5,0.4072999954223633,0.40280596773436383
cifar100,dino_vits16,mean_pool,50,2,20,0.41909998655319214,0.4100530631743811
cifar100,dino_vits16,mean_pool,100,0,1,0.4269999861717224,0.42590244663612203
cifar100,dino_vits16,mean_pool,100,0,5,0.4586000144481659,0.4548583441417804
cifar100,dino_vits16,mean_pool,100,0,20,0.46630001068115234,0.4586003094787961
cifar100,dino_vits16,mean_pool,100,1,1,0.42660000920295715,0.42449570676190945
cifar100,dino_vits16,mean_pool,100,1,5,0.45739999413490295,0.4533491029533144
cifar100,dino_vits16,mean_pool,100,1,20,0.47519999742507935,0.4684780365762869
cifar100,dino_vits16,mean_pool,100,2,1,0.427700012922287,0.4264799323575021
cifar100,dino_vits16,mean_pool,100,2,5,0.46700000762939453,0.46353239981182254
cifar100,dino_vits16,mean_pool,100,2,20,0.474700003862381,0.4664517478102625
cifar100,dinov2_vits14,cls,1,0,1,0.49880000948905945,0.5015689034418251
cifar100,dinov2_vits14,cls,1,0,5,0.49880000948905945,0.5015689034418251
cifar100,dinov2_vits14,cls,1,0,20,0.49880000948905945,0.5015689034418251
cifar100,dinov2_vits14,cls,1,1,1,0.44589999318122864,0.4428158075891153
cifar100,dinov2_vits14,cls,1,1,5,0.44589999318122864,0.4428158075891153
cifar100,dinov2_vits14,cls,1,1,20,0.44589999318122864,0.4428158075891153
cifar100,dinov2_vits14,cls,1,2,1,0.4975999891757965,0.49166280723829414
cifar100,dinov2_vits14,cls,1,2,5,0.4975999891757965,0.49166280723829414
cifar100,dinov2_vits14,cls,1,2,20,0.4975999891757965,0.49166280723829414
cifar100,dinov2_vits14,cls,2,0,1,0.5618000030517578,0.5575733795396834
cifar100,dinov2_vits14,cls,2,0,5,0.5748000144958496,0.5690629101150857
cifar100,dinov2_vits14,cls,2,0,20,0.5795999765396118,0.573538670272028
cifar100,dinov2_vits14,cls,2,1,1,0.5370000004768372,0.5364537924591553
cifar100,dinov2_vits14,cls,2,1,5,0.5490000247955322,0.5475560398291176
cifar100,dinov2_vits14,cls,2,1,20,0.5544999837875366,0.5526103397513896
cifar100,dinov2_vits14,cls,2,2,1,0.5685999989509583,0.5693511844711455
cifar100,dinov2_vits14,cls,2,2,5,0.5810999870300293,0.5803126748110324
cifar100,dinov2_vits14,cls,2,2,20,0.5857999920845032,0.5844974110399118
cifar100,dinov2_vits14,cls,5,0,1,0.6244999766349792,0.6248960948124664
cifar100,dinov2_vits14,cls,5,0,5,0.6535000205039978,0.6524254091882846
cifar100,dinov2_vits14,cls,5,0,20,0.6699000000953674,0.6689419110464921
cifar100,dinov2_vits14,cls,5,1,1,0.6302000284194946,0.6299945127866401
cifar100,dinov2_vits14,cls,5,1,5,0.6561999917030334,0.6543363515945844
cifar100,dinov2_vits14,cls,5,1,20,0.671999990940094,0.6704138751147507
cifar100,dinov2_vits14,cls,5,2,1,0.6359999775886536,0.6346709262545995
cifar100,dinov2_vits14,cls,5,2,5,0.6564000248908997,0.6543129777866383
cifar100,dinov2_vits14,cls,5,2,20,0.6679999828338623,0.6661243476531632
cifar100,dinov2_vits14,cls,10,0,1,0.671999990940094,0.6726857898025898
cifar100,dinov2_vits14,cls,10,0,5,0.7044000029563904,0.7034837305026393
cifar100,dinov2_vits14,cls,10,0,20,0.7247999906539917,0.7241351725386407
cifar100,dinov2_vits14,cls,10,1,1,0.6690000295639038,0.6691830075266832
cifar100,dinov2_vits14,cls,10,1,5,0.7006999850273132,0.6995427688960153
cifar100,dinov2_vits14,cls,10,1,20,0.7211999893188477,0.720240400183109
cifar100,dinov2_vits14,cls,10,2,1,0.6771000027656555,0.677714144236023
cifar100,dinov2_vits14,cls,10,2,5,0.7064999938011169,0.706698396009665
cifar100,dinov2_vits14,cls,10,2,20,0.7239999771118164,0.7242566407602916
cifar100,dinov2_vits14,cls,20,0,1,0.7077000141143799,0.7086774540165303
cifar100,dinov2_vits14,cls,20,0,5,0.7423999905586243,0.7428564414430666
cifar100,dinov2_vits14,cls,20,0,20,0.7595999836921692,0.7603819015703168
cifar100,dinov2_vits14,cls,20,1,1,0.7078999876976013,0.7070074573643894
cifar100,dinov2_vits14,cls,20,1,5,0.7409999966621399,0.7398934703708396
cifar100,dinov2_vits14,cls,20,1,20,0.76419997215271,0.7626554996815551
cifar100,dinov2_vits14,cls,20,2,1,0.7132999897003174,0.7136124493288132
cifar100,dinov2_vits14,cls,20,2,5,0.7476999759674072,0.7475787389233747
cifar100,dinov2_vits14,cls,20,2,20,0.7645999789237976,0.7643085218026482
cifar100,dinov2_vits14,cls,50,0,1,0.7441999912261963,0.7448357810203053
cifar100,dinov2_vits14,cls,50,0,5,0.7764999866485596,0.7772072265653616
cifar100,dinov2_vits14,cls,50,0,20,0.7937999963760376,0.794224802065726
cifar100,dinov2_vits14,cls,50,1,1,0.7541999816894531,0.7541095182776328
cifar100,dinov2_vits14,cls,50,1,5,0.7822999954223633,0.7818872512826169
cifar100,dinov2_vits14,cls,50,1,20,0.8003000020980835,0.7997436522669581
cifar100,dinov2_vits14,cls,50,2,1,0.7473999857902527,0.7470571403415082
cifar100,dinov2_vits14,cls,50,2,5,0.7791000008583069,0.7786249374567313
cifar100,dinov2_vits14,cls,50,2,20,0.7971000075340271,0.7966669233981075
cifar100,dinov2_vits14,cls,100,0,1,0.7752000093460083,0.7756702940577982
cifar100,dinov2_vits14,cls,100,0,5,0.8046000003814697,0.8046937957299122
cifar100,dinov2_vits14,cls,100,0,20,0.8190000057220459,0.8191756076051534
cifar100,dinov2_vits14,cls,100,1,1,0.7764999866485596,0.7760160311408683
cifar100,dinov2_vits14,cls,100,1,5,0.8095999956130981,0.8089884739930562
cifar100,dinov2_vits14,cls,100,1,20,0.8215000033378601,0.8211285275851944
cifar100,dinov2_vits14,cls,100,2,1,0.7774999737739563,0.7782478450650775
cifar100,dinov2_vits14,cls,100,2,5,0.8046000003814697,0.8052104678266491
cifar100,dinov2_vits14,cls,100,2,20,0.8187000155448914,0.8192490594625305
cifar100,dinov2_vits14,mean_pool,1,0,1,0.428600013256073,0.42662127982673625
cifar100,dinov2_vits14,mean_pool,1,0,5,0.428600013256073,0.42662127982673625
cifar100,dinov2_vits14,mean_pool,1,0,20,0.428600013256073,0.42662127982673625
cifar100,dinov2_vits14,mean_pool,1,1,1,0.3995000123977661,0.3969998414236393
cifar100,dinov2_vits14,mean_pool,1,1,5,0.3995000123977661,0.3969998414236393
cifar100,dinov2_vits14,mean_pool,1,1,20,0.3995000123977661,0.3969998414236393
cifar100,dinov2_vits14,mean_pool,1,2,1,0.44830000400543213,0.4442749679409942
cifar100,dinov2_vits14,mean_pool,1,2,5,0.44830000400543213,0.4442749679409942
cifar100,dinov2_vits14,mean_pool,1,2,20,0.44830000400543213,0.4442749679409942
cifar100,dinov2_vits14,mean_pool,2,0,1,0.4959999918937683,0.4907045120697594
cifar100,dinov2_vits14,mean_pool,2,0,5,0.5041999816894531,0.4965798226051647
cifar100,dinov2_vits14,mean_pool,2,0,20,0.5087000131607056,0.5005364429646191
cifar100,dinov2_vits14,mean_pool,2,1,1,0.4884999990463257,0.4886968947698343
cifar100,dinov2_vits14,mean_pool,2,1,5,0.498199999332428,0.4983117838736142
cifar100,dinov2_vits14,mean_pool,2,1,20,0.5005000233650208,0.5006186145638857
cifar100,dinov2_vits14,mean_pool,2,2,1,0.5084999799728394,0.5083744956215672
cifar100,dinov2_vits14,mean_pool,2,2,5,0.5187000036239624,0.5174630439066848
cifar100,dinov2_vits14,mean_pool,2,2,20,0.5199000239372253,0.5184367797636508
cifar100,dinov2_vits14,mean_pool,5,0,1,0.5587999820709229,0.5583175133011885
cifar100,dinov2_vits14,mean_pool,5,0,5,0.5842999815940857,0.581879619682195
cifar100,dinov2_vits14,mean_pool,5,0,20,0.5995000004768372,0.5957170489246522
cifar100,dinov2_vits14,mean_pool,5,1,1,0.5651000142097473,0.5636266433251658
cifar100,dinov2_vits14,mean_pool,5,1,5,0.5878999829292297,0.5854691495120096
cifar100,dinov2_vits14,mean_pool,5,1,20,0.6029000282287598,0.6003239025859636
cifar100,dinov2_vits14,mean_pool,5,2,1,0.5583999752998352,0.5540377544649734
cifar100,dinov2_vits14,mean_pool,5,2,5,0.5824000239372253,0.5760832780917512
cifar100,dinov2_vits14,mean_pool,5,2,20,0.5968000292778015,0.58928941251558
cifar100,dinov2_vits14,mean_pool,10,0,1,0.6018999814987183,0.602608599285926
cifar100,dinov2_vits14,mean_pool,10,0,5,0.6389999985694885,0.6384680675762149
cifar100,dinov2_vits14,mean_pool,10,0,20,0.6563000082969666,0.6561854157344019
cifar100,dinov2_vits14,mean_pool,10,1,1,0.5999000072479248,0.5979454632113853
cifar100,dinov2_vits14,mean_pool,10,1,5,0.6328999996185303,0.6302449569775124
cifar100,dinov2_vits14,mean_pool,10,1,20,0.6523000001907349,0.6491286370941414
cifar100,dinov2_vits14,mean_pool,10,2,1,0.6033999919891357,0.6034578531690744
cifar100,dinov2_vits14,mean_pool,10,2,5,0.6355999708175659,0.6334358359000464
cifar100,dinov2_vits14,mean_pool,10,2,20,0.6521000266075134,0.6484891838800426
cifar100,dinov2_vits14,mean_pool,20,0,1,0.6445000171661377,0.6450580609505598
cifar100,dinov2_vits14,mean_pool,20,0,5,0.6790000200271606,0.6788846802039088
cifar100,dinov2_vits14,mean_pool,20,0,20,0.6965000033378601,0.6956292742444173
cifar100,dinov2_vits14,mean_pool,20,1,1,0.6409000158309937,0.6383181143997821
cifar100,dinov2_vits14,mean_pool,20,1,5,0.6743999719619751,0.6704611776671543
cifar100,dinov2_vits14,mean_pool,20,1,20,0.695900022983551,0.6909667646856329
cifar100,dinov2_vits14,mean_pool,20,2,1,0.6420999765396118,0.6418588666166726
cifar100,dinov2_vits14,mean_pool,20,2,5,0.6743999719619751,0.6724857605776045
cifar100,dinov2_vits14,mean_pool,20,2,20,0.6984000205993652,0.6948800799628608
cifar100,dinov2_vits14,mean_pool,50,0,1,0.6841999888420105,0.6846290457282298
cifar100,dinov2_vits14,mean_pool,50,0,5,0.7166000008583069,0.7162691426245107
cifar100,dinov2_vits14,mean_pool,50,0,20,0.7405999898910522,0.7403389563864842
cifar100,dinov2_vits14,mean_pool,50,1,1,0.6840999722480774,0.6832335064808487
cifar100,dinov2_vits14,mean_pool,50,1,5,0.7235000133514404,0.7218003011993139
cifar100,dinov2_vits14,mean_pool,50,1,20,0.739799976348877,0.7382269309882026
cifar100,dinov2_vits14,mean_pool,50,2,1,0.6890000104904175,0.6888058516649451
cifar100,dinov2_vits14,mean_pool,50,2,5,0.7257000207901001,0.7243691906190973
cifar100,dinov2_vits14,mean_pool,50,2,20,0.7440000176429749,0.7421305314386224
cifar100,dinov2_vits14,mean_pool,100,0,1,0.7161999940872192,0.7162676445458886
cifar100,dinov2_vits14,mean_pool,100,0,5,0.7522000074386597,0.7517798294021836
cifar100,dinov2_vits14,mean_pool,100,0,20,0.771399974822998,0.771214288160359
cifar100,dinov2_vits14,mean_pool,100,1,1,0.7188000082969666,0.7183746286165862
cifar100,dinov2_vits14,mean_pool,100,1,5,0.7523999810218811,0.7522039640442512
cifar100,dinov2_vits14,mean_pool,100,1,20,0.7694000005722046,0.7693127380006327
cifar100,dinov2_vits14,mean_pool,100,2,1,0.723800003528595,0.7235959939067598
cifar100,dinov2_vits14,mean_pool,100,2,5,0.7556999921798706,0.7558939103325487
cifar100,dinov2_vits14,mean_pool,100,2,20,0.7685999870300293,0.7683794629421115
cifar100,dinov2_vits14_reg,cls,1,0,1,0.5238000154495239,0.5248345392567948
cifar100,dinov2_vits14_reg,cls,1,0,5,0.5238000154495239,0.5248345392567948
cifar100,dinov2_vits14_reg,cls,1,0,20,0.5238000154495239,0.5248345392567948
cifar100,dinov2_vits14_reg,cls,1,1,1,0.47839999198913574,0.4752319898351653
cifar100,dinov2_vits14_reg,cls,1,1,5,0.47839999198913574,0.4752319898351653
cifar100,dinov2_vits14_reg,cls,1,1,20,0.47839999198913574,0.4752319898351653
cifar100,dinov2_vits14_reg,cls,1,2,1,0.4837999939918518,0.4795432303621013
cifar100,dinov2_vits14_reg,cls,1,2,5,0.4837999939918518,0.4795432303621013
cifar100,dinov2_vits14_reg,cls,1,2,20,0.4837999939918518,0.4795432303621013
cifar100,dinov2_vits14_reg,cls,2,0,1,0.5845000147819519,0.579298755765496
cifar100,dinov2_vits14_reg,cls,2,0,5,0.5942000150680542,0.5879577533749467
cifar100,dinov2_vits14_reg,cls,2,0,20,0.5965999960899353,0.5902172597317615
cifar100,dinov2_vits14_reg,cls,2,1,1,0.5715000033378601,0.5698644407665672
cifar100,dinov2_vits14_reg,cls,2,1,5,0.5853999853134155,0.5828364041775124
cifar100,dinov2_vits14_reg,cls,2,1,20,0.588100016117096,0.5857597282653793
cifar100,dinov2_vits14_reg,cls,2,2,1,0.5892000198364258,0.5899139876566241
cifar100,dinov2_vits14_reg,cls,2,2,5,0.5986999869346619,0.5993926140626412
cifar100,dinov2_vits14_reg,cls,2,2,20,0.6031000018119812,0.603012097603568
cifar100,dinov2_vits14_reg,cls,5,0,1,0.6496999859809875,0.6518312335411531
cifar100,dinov2_vits14_reg,cls,5,0,5,0.6733999848365784,0.6747751447405028
cifar100,dinov2_vits14_reg,cls,5,0,20,0.6859999895095825,0.6870733844707625
cifar100,dinov2_vits14_reg,cls,5,1,1,0.6481999754905701,0.6470709253814205
cifar100,dinov2_vits14_reg,cls,5,1,5,0.6736999750137329,0.6721009542569912
cifar100,dinov2_vits14_reg,cls,5,1,20,0.6873000264167786,0.6864127099933794
cifar100,dinov2_vits14_reg,cls,5,2,1,0.6583999991416931,0.6608482365895721
cifar100,dinov2_vits14_reg,cls,5,2,5,0.6827999949455261,0.6853775104864799
cifar100,dinov2_vits14_reg,cls,5,2,20,0.6916999816894531,0.6946897297428629
cifar100,dinov2_vits14_reg,cls,10,0,1,0.6865000128746033,0.6870703813360318
cifar100,dinov2_vits14_reg,cls,10,0,5,0.714900016784668,0.7154358588902534
cifar100,dinov2_vits14_reg,cls,10,0,20,0.7305999994277954,0.7309159465514437
cifar100,dinov2_vits14_reg,cls,10,1,1,0.6796000003814697,0.6799559809776923
cifar100,dinov2_vits14_reg,cls,10,1,5,0.7113999724388123,0.7108575811372799
cifar100,dinov2_vits14_reg,cls,10,1,20,0.73089998960495,0.7307622398466013
cifar100,dinov2_vits14_reg,cls,10,2,1,0.6912999749183655,0.693228228354103
cifar100,dinov2_vits14_reg,cls,10,2,5,0.7167999744415283,0.7191086795734608
cifar100,dinov2_vits14_reg,cls,10,2,20,0.7319999933242798,0.7351593765266089
cifar100,dinov2_vits14_reg,cls,20,0,1,0.7138000130653381,0.7153172427177646
cifar100,dinov2_vits14_reg,cls,20,0,5,0.7439000010490417,0.7448148648611348
cifar100,dinov2_vits14_reg,cls,20,0,20,0.7613999843597412,0.7628238181063138
cifar100,dinov2_vits14_reg,cls,20,1,1,0.7050999999046326,0.7039683376277721
cifar100,dinov2_vits14_reg,cls,20,1,5,0.7405999898910522,0.7387444703229269
cifar100,dinov2_vits14_reg,cls,20,1,20,0.7621999979019165,0.7607310061139532
cifar100,dinov2_vits14_reg,cls,20,2,1,0.7228000164031982,0.7233084723640897
cifar100,dinov2_vits14_reg,cls,20,2,5,0.7498000264167786,0.7507151427216772
cifar100,dinov2_vits14_reg,cls,20,2,20,0.7667999863624573,0.7676196040459972
cifar100,dinov2_vits14_reg,cls,50,0,1,0.7487999796867371,0.7498762477740167
cifar100,dinov2_vits14_reg,cls,50,0,5,0.7777000069618225,0.7791225358133274
cifar100,dinov2_vits14_reg,cls,50,0,20,0.7915999889373779,0.793723022736976
cifar100,dinov2_vits14_reg,cls,50,1,1,0.7483000159263611,0.7486984730832323
cifar100,dinov2_vits14_reg,cls,50,1,5,0.7742999792098999,0.7743833932403625
cifar100,dinov2_vits14_reg,cls,50,1,20,0.7943000197410583,0.7945864317850271
cifar100,dinov2_vits14_reg,cls,50,2,1,0.745199978351593,0.7455995937211263
cifar100,dinov2_vits14_reg,cls,50,2,5,0.7796000242233276,0.7802313174550014
cifar100,dinov2_vits14_reg,cls,50,2,20,0.7989000082015991,0.799765692780235
cifar100,dinov2_vits14_reg,cls,100,0,1,0.769599974155426,0.7703450949498937
cifar100,dinov2_vits14_reg,cls,100,0,5,0.8004999756813049,0.8013733624334246
cifar100,dinov2_vits14_reg,cls,100,0,20,0.8159000277519226,0.817103763835933
cifar100,dinov2_vits14_reg,cls,100,1,1,0.7703999876976013,0.7703299950222976
cifar100,dinov2_vits14_reg,cls,100,1,5,0.7996000051498413,0.7996060034294444
cifar100,dinov2_vits14_reg,cls,100,1,20,0.8166000247001648,0.8174073693008239
cifar100,dinov2_vits14_reg,cls,100,2,1,0.7689999938011169,0.7701281051276954
cifar100,dinov2_vits14_reg,cls,100,2,5,0.8048999905586243,0.805740120113304
cifar100,dinov2_vits14_reg,cls,100,2,20,0.8188999891281128,0.8201035493102521
cifar100,dinov2_vits14_reg,mean_pool,1,0,1,0.4805999994277954,0.47538003373834137
cifar100,dinov2_vits14_reg,mean_pool,1,0,5,0.4805999994277954,0.47538003373834137
cifar100,dinov2_vits14_reg,mean_pool,1,0,20,0.4805999994277954,0.47538003373834137
cifar100,dinov2_vits14_reg,mean_pool,1,1,1,0.4584999978542328,0.44424134782564534
cifar100,dinov2_vits14_reg,mean_pool,1,1,5,0.4584999978542328,0.44424134782564534
cifar100,dinov2_vits14_reg,mean_pool,1,1,20,0.4584999978542328,0.44424134782564534
cifar100,dinov2_vits14_reg,mean_pool,1,2,1,0.4821000099182129,0.4732972015199405
cifar100,dinov2_vits14_reg,mean_pool,1,2,5,0.4821000099182129,0.4732972015199405
cifar100,dinov2_vits14_reg,mean_pool,1,2,20,0.4821000099182129,0.4732972015199405
cifar100,dinov2_vits14_reg,mean_pool,2,0,1,0.5418000221252441,0.5344471862330926
cifar100,dinov2_vits14_reg,mean_pool,2,0,5,0.5540000200271606,0.5454721500872165
cifar100,dinov2_vits14_reg,mean_pool,2,0,20,0.560699999332428,0.5510347790197431
cifar100,dinov2_vits14_reg,mean_pool,2,1,1,0.5444999933242798,0.5410874320152305
cifar100,dinov2_vits14_reg,mean_pool,2,1,5,0.5529999732971191,0.5491354609610642
cifar100,dinov2_vits14_reg,mean_pool,2,1,20,0.5570999979972839,0.5533010800631298
cifar100,dinov2_vits14_reg,mean_pool,2,2,1,0.5562000274658203,0.5534522000188857
cifar100,dinov2_vits14_reg,mean_pool,2,2,5,0.5687999725341797,0.5640768651551381
cifar100,dinov2_vits14_reg,mean_pool,2,2,20,0.5688999891281128,0.5639406732813661
cifar100,dinov2_vits14_reg,mean_pool,5,0,1,0.6137999892234802,0.6131993443297702
cifar100,dinov2_vits14_reg,mean_pool,5,0,5,0.6355000138282776,0.6327857304991892
cifar100,dinov2_vits14_reg,mean_pool,5,0,20,0.6470000147819519,0.6436034429495752
cifar100,dinov2_vits14_reg,mean_pool,5,1,1,0.6151000261306763,0.6124348607645264
cifar100,dinov2_vits14_reg,mean_pool,5,1,5,0.6419000029563904,0.6377460560734401
cifar100,dinov2_vits14_reg,mean_pool,5,1,20,0.6516000032424927,0.6476132587571104
cifar100,dinov2_vits14_reg,mean_pool,5,2,1,0.6158999800682068,0.6125199453596576
cifar100,dinov2_vits14_reg,mean_pool,5,2,5,0.638700008392334,0.6333030415237328
cifar100,dinov2_vits14_reg,mean_pool,5,2,20,0.6485000252723694,0.6430252184684118
cifar100,dinov2_vits14_reg,mean_pool,10,0,1,0.6570000052452087,0.656378194879693
cifar100,dinov2_vits14_reg,mean_pool,10,0,5,0.6862000226974487,0.6840018759001478
cifar100,dinov2_vits14_reg,mean_pool,10,0,20,0.7045999765396118,0.7020362410450395
cifar100,dinov2_vits14_reg,mean_pool,10,1,1,0.6517999768257141,0.648841614475928
cifar100,dinov2_vits14_reg,mean_pool,10,1,5,0.684499979019165,0.680809481890123
cifar100,dinov2_vits14_reg,mean_pool,10,1,20,0.7042999863624573,0.699920194586892
cifar100,dinov2_vits14_reg,mean_pool,10,2,1,0.65420001745224,0.6528691414729403
cifar100,dinov2_vits14_reg,mean_pool,10,2,5,0.6832000017166138,0.6804153573839662
cifar100,dinov2_vits14_reg,mean_pool,10,2,20,0.6973999738693237,0.6945362563047918
cifar100,dinov2_vits14_reg,mean_pool,20,0,1,0.6894000172615051,0.6890159133002526
cifar100,dinov2_vits14_reg,mean_pool,20,0,5,0.7229999899864197,0.7219389916618093
cifar100,dinov2_vits14_reg,mean_pool,20,0,20,0.7387999892234802,0.7372089455339893
cifar100,dinov2_vits14_reg,mean_pool,20,1,1,0.6776999831199646,0.6741050129905427
cifar100,dinov2_vits14_reg,mean_pool,20,1,5,0.720300018787384,0.7159579474529048
cifar100,dinov2_vits14_reg,mean_pool,20,1,20,0.7354000210762024,0.7311886796837633
cifar100,dinov2_vits14_reg,mean_pool,20,2,1,0.6875,0.6867163275953778
cifar100,dinov2_vits14_reg,mean_pool,20,2,5,0.7221999764442444,0.7205444478646293
cifar100,dinov2_vits14_reg,mean_pool,20,2,20,0.7376999855041504,0.7348396303859731
cifar100,dinov2_vits14_reg,mean_pool,50,0,1,0.7303000092506409,0.7301073744577516
cifar100,dinov2_vits14_reg,mean_pool,50,0,5,0.7601000070571899,0.75948936146315
cifar100,dinov2_vits14_reg,mean_pool,50,0,20,0.7760999798774719,0.775455337191578
cifar100,dinov2_vits14_reg,mean_pool,50,1,1,0.7196999788284302,0.7185444167775483
cifar100,dinov2_vits14_reg,mean_pool,50,1,5,0.7544000148773193,0.7527036954396542
cifar100,dinov2_vits14_reg,mean_pool,50,1,20,0.767799973487854,0.7652242225761033
cifar100,dinov2_vits14_reg,mean_pool,50,2,1,0.7278000116348267,0.7262331894178442
cifar100,dinov2_vits14_reg,mean_pool,50,2,5,0.7649999856948853,0.7630211960595341
cifar100,dinov2_vits14_reg,mean_pool,50,2,20,0.7815999984741211,0.7799856224246479
cifar100,dinov2_vits14_reg,mean_pool,100,0,1,0.7542999982833862,0.7539936266928927
cifar100,dinov2_vits14_reg,mean_pool,100,0,5,0.7827000021934509,0.7819061661288613
cifar100,dinov2_vits14_reg,mean_pool,100,0,20,0.7972000241279602,0.7962382847002019
cifar100,dinov2_vits14_reg,mean_pool,100,1,1,0.75,0.7490606028846065
cifar100,dinov2_vits14_reg,mean_pool,100,1,5,0.7835000157356262,0.782120068034342
cifar100,dinov2_vits14_reg,mean_pool,100,1,20,0.7957000136375427,0.7942207980209425
cifar100,dinov2_vits14_reg,mean_pool,100,2,1,0.7512000203132629,0.7508979431284094
cifar100,dinov2_vits14_reg,mean_pool,100,2,5,0.7872999906539917,0.7869079714460575
cifar100,dinov2_vits14_reg,mean_pool,100,2,20,0.8011999726295471,0.800438705379655
cifar100,moco_v3_vits16,cls,1,0,1,0.07199999690055847,0.07430488441801501
cifar100,moco_v3_vits16,cls,1,0,5,0.07199999690055847,0.07430488441801501
cifar100,moco_v3_vits16,cls,1,0,20,0.07199999690055847,0.07430488441801501
cifar100,moco_v3_vits16,cls,1,1,1,0.0722000002861023,0.0750275612913415
cifar100,moco_v3_vits16,cls,1,1,5,0.0722000002861023,0.0750275612913415
cifar100,moco_v3_vits16,cls,1,1,20,0.0722000002861023,0.0750275612913415
cifar100,moco_v3_vits16,cls,1,2,1,0.07289999723434448,0.0684774219728926
cifar100,moco_v3_vits16,cls,1,2,5,0.07289999723434448,0.0684774219728926
cifar100,moco_v3_vits16,cls,1,2,20,0.07289999723434448,0.0684774219728926
cifar100,moco_v3_vits16,cls,2,0,1,0.08959999680519104,0.09288835932198819
cifar100,moco_v3_vits16,cls,2,0,5,0.09300000220537186,0.09465709313682985
cifar100,moco_v3_vits16,cls,2,0,20,0.09470000118017197,0.08530246868028397
cifar100,moco_v3_vits16,cls,2,1,1,0.093299999833107,0.09389611220988192
cifar100,moco_v3_vits16,cls,2,1,5,0.0934000015258789,0.09351583221991781
cifar100,moco_v3_vits16,cls,2,1,20,0.08160000294446945,0.07475488379544934
cifar100,moco_v3_vits16,cls,2,2,1,0.0908999964594841,0.09054678532821202
cifar100,moco_v3_vits16,cls,2,2,5,0.09070000052452087,0.08894858491121083
cifar100,moco_v3_vits16,cls,2,2,20,0.08799999952316284,0.07748086106194382
cifar100,moco_v3_vits16,cls,5,0,1,0.11699999868869781,0.12121249891681375
cifar100,moco_v3_vits16,cls,5,0,5,0.12099999934434891,0.1210500543796366
cifar100,moco_v3_vits16,cls,5,0,20,0.12919999659061432,0.12264885008685361
cifar100,moco_v3_vits16,cls,5,1,1,0.11490000039339066,0.11652089441156006
cifar100,moco_v3_vits16,cls,5,1,5,0.12139999866485596,0.12151969373727681
cifar100,moco_v3_vits16,cls,5,1,20,0.12680000066757202,0.12278509740879975
cifar100,moco_v3_vits16,cls,5,2,1,0.11779999732971191,0.12048611790915931
cifar100,moco_v3_vits16,cls,5,2,5,0.12439999729394913,0.12488041443665521
cifar100,moco_v3_vits16,cls,5,2,20,0.13099999725818634,0.12520708226403282
cifar100,moco_v3_vits16,cls,10,0,1,0.1386999934911728,0.14120265400520776
cifar100,moco_v3_vits16,cls,10,0,5,0.14810000360012054,0.14809784934196463
cifar100,moco_v3_vits16,cls,10,0,20,0.1599999964237213,0.15615332360417672
cifar100,moco_v3_vits16,cls,10,1,1,0.13279999792575836,0.1356875403912778
cifar100,moco_v3_vits16,cls,10,1,5,0.14339999854564667,0.14469843996056622
cifar100,moco_v3_vits16,cls,10,1,20,0.1582999974489212,0.1546584328143309
cifar100,moco_v3_vits16,cls,10,2,1,0.1340000033378601,0.13799767471580038
cifar100,moco_v3_vits16,cls,10,2,5,0.1469999998807907,0.1483299074962134
cifar100,moco_v3_vits16,cls,10,2,20,0.15530000627040863,0.15006635734874177
cifar100,moco_v3_vits16,cls,20,0,1,0.1535000056028366,0.15768804501401432
cifar100,moco_v3_vits16,cls,20,0,5,0.16979999840259552,0.1715905673500236
cifar100,moco_v3_vits16,cls,20,0,20,0.18889999389648438,0.18573310191607562
cifar100,moco_v3_vits16,cls,20,1,1,0.15520000457763672,0.15910344549551397
cifar100,moco_v3_vits16,cls,20,1,5,0.17149999737739563,0.17357093901056508
cifar100,moco_v3_vits16,cls,20,1,20,0.19480000436306,0.19155337711022807
cifar100,moco_v3_vits16,cls,20,2,1,0.15410000085830688,0.15729376366763814
cifar100,moco_v3_vits16,cls,20,2,5,0.1704999953508377,0.17056614638455123
cifar100,moco_v3_vits16,cls,20,2,20,0.18539999425411224,0.17983976531853493
cifar100,moco_v3_vits16,cls,50,0,1,0.1915999948978424,0.19632514082860236
cifar100,moco_v3_vits16,cls,50,0,5,0.2101999968290329,0.21204234007899234
cifar100,moco_v3_vits16,cls,50,0,20,0.23399999737739563,0.2306023718069078
cifar100,moco_v3_vits16,cls,50,1,1,0.19179999828338623,0.1966918358350134
cifar100,moco_v3_vits16,cls,50,1,5,0.21480000019073486,0.21782228344979193
cifar100,moco_v3_vits16,cls,50,1,20,0.2386000007390976,0.238736895657608
cifar100,moco_v3_vits16,cls,50,2,1,0.1859000027179718,0.1890557974470179
cifar100,moco_v3_vits16,cls,50,2,5,0.2084999978542328,0.2090069110727423
cifar100,moco_v3_vits16,cls,50,2,20,0.2345999926328659,0.23048223264316683
cifar100,moco_v3_vits16,cls,100,0,1,0.219200000166893,0.22358909692865886
cifar100,moco_v3_vits16,cls,100,0,5,0.24709999561309814,0.24889993011246694
cifar100,moco_v3_vits16,cls,100,0,20,0.2712000012397766,0.26691208029518604
cifar100,moco_v3_vits16,cls,100,1,1,0.22050000727176666,0.22572264686489155
cifar100,moco_v3_vits16,cls,100,1,5,0.24490000307559967,0.24747041656231938
cifar100,moco_v3_vits16,cls,100,1,20,0.2768999934196472,0.2752985038531117
cifar100,moco_v3_vits16,cls,100,2,1,0.21969999372959137,0.22418194386437912
cifar100,moco_v3_vits16,cls,100,2,5,0.24330000579357147,0.24509983575554903
cifar100,moco_v3_vits16,cls,100,2,20,0.2694999873638153,0.26630696367624895
cifar100,moco_v3_vits16,mean_pool,1,0,1,0.07460000365972519,0.072967973237728
cifar100,moco_v3_vits16,mean_pool,1,0,5,0.07460000365972519,0.072967973237728
cifar100,moco_v3_vits16,mean_pool,1,0,20,0.07460000365972519,0.072967973237728
cifar100,moco_v3_vits16,mean_pool,1,1,1,0.061500001698732376,0.06081814755621137
cifar100,moco_v3_vits16,mean_pool,1,1,5,0.061500001698732376,0.06081814755621137
cifar100,moco_v3_vits16,mean_pool,1,1,20,0.061500001698732376,0.06081814755621137
cifar100,moco_v3_vits16,mean_pool,1,2,1,0.06289999932050705,0.06582324122686627
cifar100,moco_v3_vits16,mean_pool,1,2,5,0.06289999932050705,0.06582324122686627
cifar100,moco_v3_vits16,mean_pool,1,2,20,0.06289999932050705,0.06582324122686627
cifar100,moco_v3_vits16,mean_pool,2,0,1,0.08910000324249268,0.09092178910187126
cifar100,moco_v3_vits16,mean_pool,2,0,5,0.09040000289678574,0.09033589346666714
cifar100,moco_v3_vits16,mean_pool,2,0,20,0.08529999852180481,0.07262530135623677
cifar100,moco_v3_vits16,mean_pool,2,1,1,0.07940000295639038,0.08110962234508018
cifar100,moco_v3_vits16,mean_pool,2,1,5,0.07930000126361847,0.08099148907801641
cifar100,moco_v3_vits16,mean_pool,2,1,20,0.06729999929666519,0.0634028425937539
cifar100,moco_v3_vits16,mean_pool,2,2,1,0.0803999975323677,0.08345643752489762
cifar100,moco_v3_vits16,mean_pool,2,2,5,0.08100000023841858,0.08437005205184538
cifar100,moco_v3_vits16,mean_pool,2,2,20,0.0723000019788742,0.07011826025318495
cifar100,moco_v3_vits16,mean_pool,5,0,1,0.10909999907016754,0.11343875218803118
cifar100,moco_v3_vits16,mean_pool,5,0,5,0.11460000276565552,0.11649063978638545
cifar100,moco_v3_vits16,mean_pool,5,0,20,0.10989999771118164,0.10432015374959677
cifar100,moco_v3_vits16,mean_pool,5,1,1,0.1014999970793724,0.10491128627242992
cifar100,moco_v3_vits16,mean_pool,5,1,5,0.10509999841451645,0.10620885029332895
cifar100,moco_v3_vits16,mean_pool,5,1,20,0.1054999977350235,0.10236417837223223
cifar100,moco_v3_vits16,mean_pool,5,2,1,0.10750000178813934,0.1085518406555733
cifar100,moco_v3_vits16,mean_pool,5,2,5,0.11500000208616257,0.11476692135555412
cifar100,moco_v3_vits16,mean_pool,5,2,20,0.12049999833106995,0.11496800721701622
cifar100,moco_v3_vits16,mean_pool,10,0,1,0.12770000100135803,0.1327076878040866
cifar100,moco_v3_vits16,mean_pool,10,0,5,0.13459999859333038,0.13749383570334006
cifar100,moco_v3_vits16,mean_pool,10,0,20,0.14020000398159027,0.135525084628801
cifar100,moco_v3_vits16,mean_pool,10,1,1,0.1234000027179718,0.128322367300589
cifar100,moco_v3_vits16,mean_pool,10,1,5,0.13220000267028809,0.1350644475858362
cifar100,moco_v3_vits16,mean_pool,10,1,20,0.14259999990463257,0.1402667096716217
cifar100,moco_v3_vits16,mean_pool,10,2,1,0.11779999732971191,0.12131589737292875
cifar100,moco_v3_vits16,mean_pool,10,2,5,0.12939999997615814,0.13165898893160383
cifar100,moco_v3_vits16,mean_pool,10,2,20,0.1396999955177307,0.13753288139729286
cifar100,moco_v3_vits16,mean_pool,20,0,1,0.1477999985218048,0.15432263478001496
cifar100,moco_v3_vits16,mean_pool,20,0,5,0.16040000319480896,0.1645590128085717
cifar100,moco_v3_vits16,mean_pool,20,0,20,0.17339999973773956,0.17204558499246173
cifar100,moco_v3_vits16,mean_pool,20,1,1,0.1492999941110611,0.15473732441661153
cifar100,moco_v3_vits16,mean_pool,20,1,5,0.16130000352859497,0.16447192988164405
cifar100,moco_v3_vits16,mean_pool,20,1,20,0.1746000051498413,0.17325724227820852
cifar100,moco_v3_vits16,mean_pool,20,2,1,0.14980000257492065,0.15420943224890907
cifar100,moco_v3_vits16,mean_pool,20,2,5,0.16539999842643738,0.16774157862065756
cifar100,moco_v3_vits16,mean_pool,20,2,20,0.1753000020980835,0.17281949131953522
cifar100,moco_v3_vits16,mean_pool,50,0,1,0.18469999730587006,0.18968821890994353
cifar100,moco_v3_vits16,mean_pool,50,0,5,0.20340000092983246,0.2066984221158064
cifar100,moco_v3_vits16,mean_pool,50,0,20,0.21979999542236328,0.21928953524181108
cifar100,moco_v3_vits16,mean_pool,50,1,1,0.186599999666214,0.19219128643736158
cifar100,moco_v3_vits16,mean_pool,50,1,5,0.2070000022649765,0.21018002689970808
cifar100,moco_v3_vits16,mean_pool,50,1,20,0.225600004196167,0.2261419739828992
cifar100,moco_v3_vits16,mean_pool,50,2,1,0.18549999594688416,0.18934339018423074
cifar100,moco_v3_vits16,mean_pool,50,2,5,0.20029999315738678,0.201982175126843
cifar100,moco_v3_vits16,mean_pool,50,2,20,0.22509999573230743,0.22213699332982298
cifar100,moco_v3_vits16,mean_pool,100,0,1,0.21529999375343323,0.22016025719054708
cifar100,moco_v3_vits16,mean_pool,100,0,5,0.23720000684261322,0.23987107498306037
cifar100,moco_v3_vits16,mean_pool,100,0,20,0.2615000009536743,0.25776748433819485
cifar100,moco_v3_vits16,mean_pool,100,1,1,0.2134000062942505,0.21897418878124675
cifar100,moco_v3_vits16,mean_pool,100,1,5,0.23759999871253967,0.24099584407628083
cifar100,moco_v3_vits16,mean_pool,100,1,20,0.2612999975681305,0.26044359550163454
cifar100,moco_v3_vits16,mean_pool,100,2,1,0.21889999508857727,0.22416387275952265
cifar100,moco_v3_vits16,mean_pool,100,2,5,0.24009999632835388,0.24274610216748116
cifar100,moco_v3_vits16,mean_pool,100,2,20,0.2621999979019165,0.26077413624571966
